Workbook
Name scale_orig: Lifespan!$C$8
Name shape_orig: Lifespan!$C$7
Name shift_orig: Lifespan!$C$6

Sheet Intro
B4: Dynamic MFA Activity: Decades in Candy Town
B5: Reed Miller, reed.miller@maine.edu
B6: https://github.com/treedmiller/candytown-mfa
B8: This spreadsheet accompanies the handouts for this activity.
B10: GNU General Public License v3.0

Sheet Home Tracker Input Sheet
C2: Home Tracker: Construction Manager (CM) and Debris and Demolition Manager (DDM)
N4: Fill In: | T4: Construction
C5: Action | D5: Type | E5: 2000 | F5: 2010 | G5: 2020 | H5: 2030 | I5: 2040 | J5: 2050 | K5: 2060 | L5: 2070 | M5: 2080 | N5: B year | O5: D year | P5: Lifespan | S5: Material Fate | T5: Stays In Building | U5: Construction Scrap | V5: Total Materials | W5: Stays In Building | X5: Construction Scrap | Y5: Total Materials
B6: Fill in B, S, or D: | C6: 1 Sweet Street | D6: SF | E6: B | F6: S | G6: S | H6: S | I6: S | J6: S | K6: D | N6: 2000 | O6: 2060 | P6: 60 | S6: Type | T6: SF | U6: SF | V6: SF | W6: MF | X6: MF | Y6: MF
B7: Fill in B, S, or D: | C7: 2 Sweet Street | D7: SF | S7: Brick | T7: 2 | U7: 1 | V7: 3 | W7: 12 | X7: 2 | Y7: 14
B8: Fill in B, S, or D: | C8: 3 Sweet Street | D8: SF | S8: Wood | T8: 2.5 | U8: 0.5 | V8: 3 | W8: 0 | X8: 0 | Y8: 0
B9: Fill in B, S, or D: | C9: 4 Sweet Street | D9: SF | S9: Metal | T9: 1 | U9: 0 | V9: 1 | W9: 4 | X9: 0 | Y9: 4
B10: Fill in B, S, or D: | C10: 5 Sweet Street | D10: SF | S10: Glass | T10: 1 | U10: 0 | V10: 1 | W10: 2 | X10: 0 | Y10: 2
B11: Fill in B, S, or D: | C11: 6 Sweet Street | D11: SF | S11: Total | T11: 6.5 | U11: 1.5 | V11: 8 | W11: 18 | X11: 2 | Y11: 20
B12: Fill in B, S, or D: | C12: 1-3 Sugar Ave | D12: MF
B13: Fill in B, S, or D: | C13: 5-7 Sugar Ave | D13: MF | T13: Disposition After Demolition
B14: Fill in B, S, or D: | C14: 2-4 Sugar Ave | D14: MF | S14: Material Fate | T14: Total Debris | U14: Reuse/Recycled | V14: Combined Waste | W14: Total Debris | X14: Reuse/Recycled | Y14: Combined Waste
B15: Fill in B, S, or D: | C15: 6-8 Sugar Ave | D15: MF | S15: Type | T15: SF | U15: SF | V15: SF | W15: MF | X15: MF | Y15: MF
C16: Built (B) | D16: SF | E16: =COUNTIFS(E$6:E$15,"B",$D$6:$D$15,$D16) -> 1 | F16: =COUNTIFS(F$6:F$15,"B",$D$6:$D$15,$D16) -> 0 | G16: =COUNTIFS(G$6:G$15,"B",$D$6:$D$15,$D16) -> 0 | H16: =COUNTIFS(H$6:H$15,"B",$D$6:$D$15,$D16) -> 0 | I16: =COUNTIFS(I$6:I$15,"B",$D$6:$D$15,$D16) -> 0 | J16: =COUNTIFS(J$6:J$15,"B",$D$6:$D$15,$D16) -> 0 | K16: =COUNTIFS(K$6:K$15,"B",$D$6:$D$15,$D16) -> 0 | L16: =COUNTIFS(L$6:L$15,"B",$D$6:$D$15,$D16) -> 0 | M16: =COUNTIFS(M$6:M$15,"B",$D$6:$D$15,$D16) -> 0 | S16: Brick | T16: =SUM(U16:V16) -> 2 | U16: 1 | V16: =T7-U16 -> 1 | W16: =SUM(X16:Y16) -> 12 | X16: 6 | Y16: =W7-X16 -> 6
C17: Demolish (D) | D17: SF | E17: =COUNTIFS(E$6:E$15,"D",$D$6:$D$15,$D17) -> 0 | F17: =COUNTIFS(F$6:F$15,"D",$D$6:$D$15,$D17) -> 0 | G17: =COUNTIFS(G$6:G$15,"D",$D$6:$D$15,$D17) -> 0 | H17: =COUNTIFS(H$6:H$15,"D",$D$6:$D$15,$D17) -> 0 | I17: =COUNTIFS(I$6:I$15,"D",$D$6:$D$15,$D17) -> 0 | J17: =COUNTIFS(J$6:J$15,"D",$D$6:$D$15,$D17) -> 0 | K17: =COUNTIFS(K$6:K$15,"D",$D$6:$D$15,$D17) -> 1 | L17: =COUNTIFS(L$6:L$15,"D",$D$6:$D$15,$D17) -> 0 | M17: =COUNTIFS(M$6:M$15,"D",$D$6:$D$15,$D17) -> 0 | S17: Wood | T17: =SUM(U17:V17) -> 2.5 | U17: 2 | V17: =T8-U17 -> 0.5 | W17: =SUM(X17:Y17) -> 0 | X17: 0 | Y17: =W8-X17 -> 0
C18: Stock (S) calc. | D18: SF | E18: =E16-E17 -> 1 | F18: =F16-F17+E18 -> 1 | G18: =G16-G17+F18 -> 1 | H18: =H16-H17+G18 -> 1 | I18: =I16-I17+H18 -> 1 | J18: =J16-J17+I18 -> 1 | K18: =K16-K17+J18 -> 0 | L18: =L16-L17+K18 -> 0 | M18: =M16-M17+L18 -> 0 | S18: Metal | T18: =SUM(U18:V18) -> 1 | U18: 1 | V18: =T9-U18 -> 0 | W18: =SUM(X18:Y18) -> 4 | X18: 2 | Y18: =W9-X18 -> 2
C19: Stock (S) count | D19: SF | S19: Glass | T19: =SUM(U19:V19) -> 1 | U19: 0 | V19: =T10-U19 -> 1 | W19: =SUM(X19:Y19) -> 2 | X19: 0 | Y19: =W10-X19 -> 2
C20: Built (B) | D20: MF | E20: =COUNTIFS(E$6:E$15,"B",$D$6:$D$15,$D20) -> 0 | F20: =COUNTIFS(F$6:F$15,"B",$D$6:$D$15,$D20) -> 0 | G20: =COUNTIFS(G$6:G$15,"B",$D$6:$D$15,$D20) -> 0 | H20: =COUNTIFS(H$6:H$15,"B",$D$6:$D$15,$D20) -> 0 | I20: =COUNTIFS(I$6:I$15,"B",$D$6:$D$15,$D20) -> 0 | J20: =COUNTIFS(J$6:J$15,"B",$D$6:$D$15,$D20) -> 0 | K20: =COUNTIFS(K$6:K$15,"B",$D$6:$D$15,$D20) -> 0 | L20: =COUNTIFS(L$6:L$15,"B",$D$6:$D$15,$D20) -> 0 | M20: =COUNTIFS(M$6:M$15,"B",$D$6:$D$15,$D20) -> 0 | S20: Total | T20: =SUM(U20:V20) -> 6.5 | U20: 4 | V20: =T11-U20 -> 2.5 | W20: =SUM(X20:Y20) -> 18 | X20: 8 | Y20: =W11-X20 -> 10
C21: Demolish (D) | D21: MF | E21: =COUNTIFS(E$6:E$15,"D",$D$6:$D$15,$D21) -> 0 | F21: =COUNTIFS(F$6:F$15,"D",$D$6:$D$15,$D21) -> 0 | G21: =COUNTIFS(G$6:G$15,"D",$D$6:$D$15,$D21) -> 0 | H21: =COUNTIFS(H$6:H$15,"D",$D$6:$D$15,$D21) -> 0 | I21: =COUNTIFS(I$6:I$15,"D",$D$6:$D$15,$D21) -> 0 | J21: =COUNTIFS(J$6:J$15,"D",$D$6:$D$15,$D21) -> 0 | K21: =COUNTIFS(K$6:K$15,"D",$D$6:$D$15,$D21) -> 0 | L21: =COUNTIFS(L$6:L$15,"D",$D$6:$D$15,$D21) -> 0 | M21: =COUNTIFS(M$6:M$15,"D",$D$6:$D$15,$D21) -> 0
C22: Stock (S) calc. | D22: MF | E22: =E20-E21 -> 0 | F22: =F20-F21+E22 -> 0 | G22: =G20-G21+F22 -> 0 | H22: =H20-H21+G22 -> 0 | I22: =I20-I21+H22 -> 0 | J22: =J20-J21+I22 -> 0 | K22: =K20-K21+J22 -> 0 | L22: =L20-L21+K22 -> 0 | M22: =M20-M21+L22 -> 0
C23: Stock (S) count | D23: MF
C24: Stock (S) sum | D24: Total | E24: =E18+E22 -> 1 | F24: =F18+F22 -> 1 | G24: =G18+G22 -> 1 | H24: =H18+H22 -> 1 | I24: =I18+I22 -> 1 | J24: =J18+J22 -> 1 | K24: =K18+K22 -> 0 | L24: =L18+L22 -> 0 | M24: =M18+M22 -> 0
D26: Link to results: | E26: Materials for Construction | I26: Construction Scrap Materials
E27: Materials in Stock
E28: Materials from Demolished Buildings | I28: Materials for Reuse / Recycling
C30: Materials for Construction: SF | W30: Construction Scrap: SF
B31: Total Materials | C31: Type | D31: Material | E31: 2000 | F31: 2010 | G31: 2020 | H31: 2030 | I31: 2040 | J31: 2050 | K31: 2060 | L31: 2070 | M31: 2080 | V31: Construction Scrap | W31: Type | X31: Material | Y31: 2000 | Z31: 2010 | AA31: 2020 | AB31: 2030 | AC31: 2040 | AD31: 2050 | AE31: 2060 | AF31: 2070 | AG31: 2080
B32: 3 | C32: SF | D32: Brick | E32: =$B32*E$16 -> 3 | F32: =$B32*F$16 -> 0 | G32: =$B32*G$16 -> 0 | H32: =$B32*H$16 -> 0 | I32: =$B32*I$16 -> 0 | J32: =$B32*J$16 -> 0 | K32: =$B32*K$16 -> 0 | L32: =$B32*L$16 -> 0 | M32: =$B32*M$16 -> 0 | V32: 1 | W32: SF | X32: Brick | Y32: =$V32*E$16 -> 1 | Z32: =$V32*F$16 -> 0 | AA32: =$V32*G$16 -> 0 | AB32: =$V32*H$16 -> 0 | AC32: =$V32*I$16 -> 0 | AD32: =$V32*J$16 -> 0 | AE32: =$V32*K$16 -> 0 | AF32: =$V32*L$16 -> 0 | AG32: =$V32*M$16 -> 0
B33: 3 | C33: SF | D33: Wood | E33: =$B33*E$16 -> 3 | F33: =$B33*F$16 -> 0 | G33: =$B33*G$16 -> 0 | H33: =$B33*H$16 -> 0 | I33: =$B33*I$16 -> 0 | J33: =$B33*J$16 -> 0 | K33: =$B33*K$16 -> 0 | L33: =$B33*L$16 -> 0 | M33: =$B33*M$16 -> 0 | V33: 0.5 | W33: SF | X33: Wood | Y33: =$V33*E$16 -> 0.5 | Z33: =$V33*F$16 -> 0 | AA33: =$V33*G$16 -> 0 | AB33: =$V33*H$16 -> 0 | AC33: =$V33*I$16 -> 0 | AD33: =$V33*J$16 -> 0 | AE33: =$V33*K$16 -> 0 | AF33: =$V33*L$16 -> 0 | AG33: =$V33*M$16 -> 0
B34: 1 | C34: SF | D34: Metal | E34: =$B34*E$16 -> 1 | F34: =$B34*F$16 -> 0 | G34: =$B34*G$16 -> 0 | H34: =$B34*H$16 -> 0 | I34: =$B34*I$16 -> 0 | J34: =$B34*J$16 -> 0 | K34: =$B34*K$16 -> 0 | L34: =$B34*L$16 -> 0 | M34: =$B34*M$16 -> 0 | V34: 0 | W34: SF | X34: Metal | Y34: =$V34*E$16 -> 0 | Z34: =$V34*F$16 -> 0 | AA34: =$V34*G$16 -> 0 | AB34: =$V34*H$16 -> 0 | AC34: =$V34*I$16 -> 0 | AD34: =$V34*J$16 -> 0 | AE34: =$V34*K$16 -> 0 | AF34: =$V34*L$16 -> 0 | AG34: =$V34*M$16 -> 0
B35: 1 | C35: SF | D35: Glass | E35: =$B35*E$16 -> 1 | F35: =$B35*F$16 -> 0 | G35: =$B35*G$16 -> 0 | H35: =$B35*H$16 -> 0 | I35: =$B35*I$16 -> 0 | J35: =$B35*J$16 -> 0 | K35: =$B35*K$16 -> 0 | L35: =$B35*L$16 -> 0 | M35: =$B35*M$16 -> 0 | V35: 0 | W35: SF | X35: Glass | Y35: =$V35*E$16 -> 0 | Z35: =$V35*F$16 -> 0 | AA35: =$V35*G$16 -> 0 | AB35: =$V35*H$16 -> 0 | AC35: =$V35*I$16 -> 0 | AD35: =$V35*J$16 -> 0 | AE35: =$V35*K$16 -> 0 | AF35: =$V35*L$16 -> 0 | AG35: =$V35*M$16 -> 0
B36: 8 | C36: SF | D36: Total | E36: =$B36*E$16 -> 8 | F36: =$B36*F$16 -> 0 | G36: =$B36*G$16 -> 0 | H36: =$B36*H$16 -> 0 | I36: =$B36*I$16 -> 0 | J36: =$B36*J$16 -> 0 | K36: =$B36*K$16 -> 0 | L36: =$B36*L$16 -> 0 | M36: =$B36*M$16 -> 0 | V36: 1.5 | W36: SF | X36: Total | Y36: =$V36*E$16 -> 1.5 | Z36: =$V36*F$16 -> 0 | AA36: =$V36*G$16 -> 0 | AB36: =$V36*H$16 -> 0 | AC36: =$V36*I$16 -> 0 | AD36: =$V36*J$16 -> 0 | AE36: =$V36*K$16 -> 0 | AF36: =$V36*L$16 -> 0 | AG36: =$V36*M$16 -> 0
C38: Materials for Construction: MF | W38: Construction Scrap: MF
B39: Total Materials | C39: Type | D39: Material | E39: 2000 | F39: 2010 | G39: 2020 | H39: 2030 | I39: 2040 | J39: 2050 | K39: 2060 | L39: 2070 | M39: 2080 | V39: Construction Scrap | W39: Type | X39: Material | Y39: 2000 | Z39: 2010 | AA39: 2020 | AB39: 2030 | AC39: 2040 | AD39: 2050 | AE39: 2060 | AF39: 2070 | AG39: 2080
B40: 14 | C40: MF | D40: Brick | E40: =$B40*E$20 -> 0 | F40: =$B40*F$20 -> 0 | G40: =$B40*G$20 -> 0 | H40: =$B40*H$20 -> 0 | I40: =$B40*I$20 -> 0 | J40: =$B40*J$20 -> 0 | K40: =$B40*K$20 -> 0 | L40: =$B40*L$20 -> 0 | M40: =$B40*M$20 -> 0 | V40: 2 | W40: MF | X40: Brick | Y40: =$V40*E$20 -> 0 | Z40: =$V40*F$20 -> 0 | AA40: =$V40*G$20 -> 0 | AB40: =$V40*H$20 -> 0 | AC40: =$V40*I$20 -> 0 | AD40: =$V40*J$20 -> 0 | AE40: =$V40*K$20 -> 0 | AF40: =$V40*L$20 -> 0 | AG40: =$V40*M$20 -> 0
B41: 0 | C41: MF | D41: Wood | E41: =$B41*E$20 -> 0 | F41: =$B41*F$20 -> 0 | G41: =$B41*G$20 -> 0 | H41: =$B41*H$20 -> 0 | I41: =$B41*I$20 -> 0 | J41: =$B41*J$20 -> 0 | K41: =$B41*K$20 -> 0 | L41: =$B41*L$20 -> 0 | M41: =$B41*M$20 -> 0 | V41: 0 | W41: MF | X41: Wood | Y41: =$V41*E$20 -> 0 | Z41: =$V41*F$20 -> 0 | AA41: =$V41*G$20 -> 0 | AB41: =$V41*H$20 -> 0 | AC41: =$V41*I$20 -> 0 | AD41: =$V41*J$20 -> 0 | AE41: =$V41*K$20 -> 0 | AF41: =$V41*L$20 -> 0 | AG41: =$V41*M$20 -> 0
B42: 4 | C42: MF | D42: Metal | E42: =$B42*E$20 -> 0 | F42: =$B42*F$20 -> 0 | G42: =$B42*G$20 -> 0 | H42: =$B42*H$20 -> 0 | I42: =$B42*I$20 -> 0 | J42: =$B42*J$20 -> 0 | K42: =$B42*K$20 -> 0 | L42: =$B42*L$20 -> 0 | M42: =$B42*M$20 -> 0 | V42: 0 | W42: MF | X42: Metal | Y42: =$V42*E$20 -> 0 | Z42: =$V42*F$20 -> 0 | AA42: =$V42*G$20 -> 0 | AB42: =$V42*H$20 -> 0 | AC42: =$V42*I$20 -> 0 | AD42: =$V42*J$20 -> 0 | AE42: =$V42*K$20 -> 0 | AF42: =$V42*L$20 -> 0 | AG42: =$V42*M$20 -> 0
B43: 2 | C43: MF | D43: Glass | E43: =$B43*E$20 -> 0 | F43: =$B43*F$20 -> 0 | G43: =$B43*G$20 -> 0 | H43: =$B43*H$20 -> 0 | I43: =$B43*I$20 -> 0 | J43: =$B43*J$20 -> 0 | K43: =$B43*K$20 -> 0 | L43: =$B43*L$20 -> 0 | M43: =$B43*M$20 -> 0 | V43: 0 | W43: MF | X43: Glass | Y43: =$V43*E$20 -> 0 | Z43: =$V43*F$20 -> 0 | AA43: =$V43*G$20 -> 0 | AB43: =$V43*H$20 -> 0 | AC43: =$V43*I$20 -> 0 | AD43: =$V43*J$20 -> 0 | AE43: =$V43*K$20 -> 0 | AF43: =$V43*L$20 -> 0 | AG43: =$V43*M$20 -> 0
B44: 20 | C44: MF | D44: Total | E44: =$B44*E$20 -> 0 | F44: =$B44*F$20 -> 0 | G44: =$B44*G$20 -> 0 | H44: =$B44*H$20 -> 0 | I44: =$B44*I$20 -> 0 | J44: =$B44*J$20 -> 0 | K44: =$B44*K$20 -> 0 | L44: =$B44*L$20 -> 0 | M44: =$B44*M$20 -> 0 | V44: 2 | W44: MF | X44: Total | Y44: =$V44*E$20 -> 0 | Z44: =$V44*F$20 -> 0 | AA44: =$V44*G$20 -> 0 | AB44: =$V44*H$20 -> 0 | AC44: =$V44*I$20 -> 0 | AD44: =$V44*J$20 -> 0 | AE44: =$V44*K$20 -> 0 | AF44: =$V44*L$20 -> 0 | AG44: =$V44*M$20 -> 0
C46: Materials for Construction: Both | W46: Construction Scrap: Both
C47: Type | D47: Material | E47: 2000 | F47: 2010 | G47: 2020 | H47: 2030 | I47: 2040 | J47: 2050 | K47: 2060 | L47: 2070 | M47: 2080 | W47: Type | X47: Material | Y47: 2000 | Z47: 2010 | AA47: 2020 | AB47: 2030 | AC47: 2040 | AD47: 2050 | AE47: 2060 | AF47: 2070 | AG47: 2080
C48: Both | D48: Brick | E48: =E32+E40 -> 3 | F48: =F32+F40 -> 0 | G48: =G32+G40 -> 0 | H48: =H32+H40 -> 0 | I48: =I32+I40 -> 0 | J48: =J32+J40 -> 0 | K48: =K32+K40 -> 0 | L48: =L32+L40 -> 0 | M48: =M32+M40 -> 0 | W48: Both | X48: Brick | Y48: =Y32+Y40 -> 1 | Z48: =Z32+Z40 -> 0 | AA48: =AA32+AA40 -> 0 | AB48: =AB32+AB40 -> 0 | AC48: =AC32+AC40 -> 0 | AD48: =AD32+AD40 -> 0 | AE48: =AE32+AE40 -> 0 | AF48: =AF32+AF40 -> 0 | AG48: =AG32+AG40 -> 0
C49: Both | D49: Wood | E49: =E33+E41 -> 3 | F49: =F33+F41 -> 0 | G49: =G33+G41 -> 0 | H49: =H33+H41 -> 0 | I49: =I33+I41 -> 0 | J49: =J33+J41 -> 0 | K49: =K33+K41 -> 0 | L49: =L33+L41 -> 0 | M49: =M33+M41 -> 0 | W49: Both | X49: Wood | Y49: =Y33+Y41 -> 0.5 | Z49: =Z33+Z41 -> 0 | AA49: =AA33+AA41 -> 0 | AB49: =AB33+AB41 -> 0 | AC49: =AC33+AC41 -> 0 | AD49: =AD33+AD41 -> 0 | AE49: =AE33+AE41 -> 0 | AF49: =AF33+AF41 -> 0 | AG49: =AG33+AG41 -> 0
C50: Both | D50: Metal | E50: =E34+E42 -> 1 | F50: =F34+F42 -> 0 | G50: =G34+G42 -> 0 | H50: =H34+H42 -> 0 | I50: =I34+I42 -> 0 | J50: =J34+J42 -> 0 | K50: =K34+K42 -> 0 | L50: =L34+L42 -> 0 | M50: =M34+M42 -> 0 | W50: Both | X50: Metal | Y50: =Y34+Y42 -> 0 | Z50: =Z34+Z42 -> 0 | AA50: =AA34+AA42 -> 0 | AB50: =AB34+AB42 -> 0 | AC50: =AC34+AC42 -> 0 | AD50: =AD34+AD42 -> 0 | AE50: =AE34+AE42 -> 0 | AF50: =AF34+AF42 -> 0 | AG50: =AG34+AG42 -> 0
C51: Both | D51: Glass | E51: =E35+E43 -> 1 | F51: =F35+F43 -> 0 | G51: =G35+G43 -> 0 | H51: =H35+H43 -> 0 | I51: =I35+I43 -> 0 | J51: =J35+J43 -> 0 | K51: =K35+K43 -> 0 | L51: =L35+L43 -> 0 | M51: =M35+M43 -> 0 | W51: Both | X51: Glass | Y51: =Y35+Y43 -> 0 | Z51: =Z35+Z43 -> 0 | AA51: =AA35+AA43 -> 0 | AB51: =AB35+AB43 -> 0 | AC51: =AC35+AC43 -> 0 | AD51: =AD35+AD43 -> 0 | AE51: =AE35+AE43 -> 0 | AF51: =AF35+AF43 -> 0 | AG51: =AG35+AG43 -> 0
C52: Both | D52: Total | E52: =E36+E44 -> 8 | F52: =F36+F44 -> 0 | G52: =G36+G44 -> 0 | H52: =H36+H44 -> 0 | I52: =I36+I44 -> 0 | J52: =J36+J44 -> 0 | K52: =K36+K44 -> 0 | L52: =L36+L44 -> 0 | M52: =M36+M44 -> 0 | W52: Both | X52: Total | Y52: =Y36+Y44 -> 1.5 | Z52: =Z36+Z44 -> 0 | AA52: =AA36+AA44 -> 0 | AB52: =AB36+AB44 -> 0 | AC52: =AC36+AC44 -> 0 | AD52: =AD36+AD44 -> 0 | AE52: =AE36+AE44 -> 0 | AF52: =AF36+AF44 -> 0 | AG52: =AG36+AG44 -> 0
C70: Materials in Buildings in Stock: SF
B71: Stays In Building | C71: Type | D71: Material | E71: 2000 | F71: 2010 | G71: 2020 | H71: 2030 | I71: 2040 | J71: 2050 | K71: 2060 | L71: 2070 | M71: 2080
B72: 2 | C72: SF | D72: Brick | E72: =$B72*E$18 -> 2 | F72: =$B72*F$18 -> 2 | G72: =$B72*G$18 -> 2 | H72: =$B72*H$18 -> 2 | I72: =$B72*I$18 -> 2 | J72: =$B72*J$18 -> 2 | K72: =$B72*K$18 -> 0 | L72: =$B72*L$18 -> 0 | M72: =$B72*M$18 -> 0
B73: 2.5 | C73: SF | D73: Wood | E73: =$B73*E$18 -> 2.5 | F73: =$B73*F$18 -> 2.5 | G73: =$B73*G$18 -> 2.5 | H73: =$B73*H$18 -> 2.5 | I73: =$B73*I$18 -> 2.5 | J73: =$B73*J$18 -> 2.5 | K73: =$B73*K$18 -> 0 | L73: =$B73*L$18 -> 0 | M73: =$B73*M$18 -> 0
B74: 1 | C74: SF | D74: Metal | E74: =$B74*E$18 -> 1 | F74: =$B74*F$18 -> 1 | G74: =$B74*G$18 -> 1 | H74: =$B74*H$18 -> 1 | I74: =$B74*I$18 -> 1 | J74: =$B74*J$18 -> 1 | K74: =$B74*K$18 -> 0 | L74: =$B74*L$18 -> 0 | M74: =$B74*M$18 -> 0
B75: 1 | C75: SF | D75: Glass | E75: =$B75*E$18 -> 1 | F75: =$B75*F$18 -> 1 | G75: =$B75*G$18 -> 1 | H75: =$B75*H$18 -> 1 | I75: =$B75*I$18 -> 1 | J75: =$B75*J$18 -> 1 | K75: =$B75*K$18 -> 0 | L75: =$B75*L$18 -> 0 | M75: =$B75*M$18 -> 0
B76: 6.5 | C76: SF | D76: Total | E76: =$B76*E$18 -> 6.5 | F76: =$B76*F$18 -> 6.5 | G76: =$B76*G$18 -> 6.5 | H76: =$B76*H$18 -> 6.5 | I76: =$B76*I$18 -> 6.5 | J76: =$B76*J$18 -> 6.5 | K76: =$B76*K$18 -> 0 | L76: =$B76*L$18 -> 0 | M76: =$B76*M$18 -> 0
C78: Materials in Buildings in Stock: MF
B79: Stays In Building | C79: Type | D79: Material | E79: 2000 | F79: 2010 | G79: 2020 | H79: 2030 | I79: 2040 | J79: 2050 | K79: 2060 | L79: 2070 | M79: 2080
B80: 12 | C80: MF | D80: Brick | E80: =$B80*E$22 -> 0 | F80: =$B80*F$22 -> 0 | G80: =$B80*G$22 -> 0 | H80: =$B80*H$22 -> 0 | I80: =$B80*I$22 -> 0 | J80: =$B80*J$22 -> 0 | K80: =$B80*K$22 -> 0 | L80: =$B80*L$22 -> 0 | M80: =$B80*M$22 -> 0
B81: 0 | C81: MF | D81: Wood | E81: =$B81*E$22 -> 0 | F81: =$B81*F$22 -> 0 | G81: =$B81*G$22 -> 0 | H81: =$B81*H$22 -> 0 | I81: =$B81*I$22 -> 0 | J81: =$B81*J$22 -> 0 | K81: =$B81*K$22 -> 0 | L81: =$B81*L$22 -> 0 | M81: =$B81*M$22 -> 0
B82: 4 | C82: MF | D82: Metal | E82: =$B82*E$22 -> 0 | F82: =$B82*F$22 -> 0 | G82: =$B82*G$22 -> 0 | H82: =$B82*H$22 -> 0 | I82: =$B82*I$22 -> 0 | J82: =$B82*J$22 -> 0 | K82: =$B82*K$22 -> 0 | L82: =$B82*L$22 -> 0 | M82: =$B82*M$22 -> 0
B83: 2 | C83: MF | D83: Glass | E83: =$B83*E$22 -> 0 | F83: =$B83*F$22 -> 0 | G83: =$B83*G$22 -> 0 | H83: =$B83*H$22 -> 0 | I83: =$B83*I$22 -> 0 | J83: =$B83*J$22 -> 0 | K83: =$B83*K$22 -> 0 | L83: =$B83*L$22 -> 0 | M83: =$B83*M$22 -> 0
B84: 18 | C84: MF | D84: Total | E84: =$B84*E$22 -> 0 | F84: =$B84*F$22 -> 0 | G84: =$B84*G$22 -> 0 | H84: =$B84*H$22 -> 0 | I84: =$B84*I$22 -> 0 | J84: =$B84*J$22 -> 0 | K84: =$B84*K$22 -> 0 | L84: =$B84*L$22 -> 0 | M84: =$B84*M$22 -> 0
C86: Materials in Buildings in Stock: Both
C87: Type | D87: Material | E87: 2000 | F87: 2010 | G87: 2020 | H87: 2030 | I87: 2040 | J87: 2050 | K87: 2060 | L87: 2070 | M87: 2080
C88: Both | D88: Brick | E88: =E72+E80 -> 2 | F88: =F72+F80 -> 2 | G88: =G72+G80 -> 2 | H88: =H72+H80 -> 2 | I88: =I72+I80 -> 2 | J88: =J72+J80 -> 2 | K88: =K72+K80 -> 0 | L88: =L72+L80 -> 0 | M88: =M72+M80 -> 0
C89: Both | D89: Wood | E89: =E73+E81 -> 2.5 | F89: =F73+F81 -> 2.5 | G89: =G73+G81 -> 2.5 | H89: =H73+H81 -> 2.5 | I89: =I73+I81 -> 2.5 | J89: =J73+J81 -> 2.5 | K89: =K73+K81 -> 0 | L89: =L73+L81 -> 0 | M89: =M73+M81 -> 0
C90: Both | D90: Metal | E90: =E74+E82 -> 1 | F90: =F74+F82 -> 1 | G90: =G74+G82 -> 1 | H90: =H74+H82 -> 1 | I90: =I74+I82 -> 1 | J90: =J74+J82 -> 1 | K90: =K74+K82 -> 0 | L90: =L74+L82 -> 0 | M90: =M74+M82 -> 0
C91: Both | D91: Glass | E91: =E75+E83 -> 1 | F91: =F75+F83 -> 1 | G91: =G75+G83 -> 1 | H91: =H75+H83 -> 1 | I91: =I75+I83 -> 1 | J91: =J75+J83 -> 1 | K91: =K75+K83 -> 0 | L91: =L75+L83 -> 0 | M91: =M75+M83 -> 0
C92: Both | D92: Total | E92: =E76+E84 -> 6.5 | F92: =F76+F84 -> 6.5 | G92: =G76+G84 -> 6.5 | H92: =H76+H84 -> 6.5 | I92: =I76+I84 -> 6.5 | J92: =J76+J84 -> 6.5 | K92: =K76+K84 -> 0 | L92: =L76+L84 -> 0 | M92: =M76+M84 -> 0
C111: Total Materials from Demolished Buildings: SF | W111: Materials from Demolished Buildings for Reuse/Recycling: SF
B112: Total Debris | C112: Type | D112: Material | E112: 2000 | F112: 2010 | G112: 2020 | H112: 2030 | I112: 2040 | J112: 2050 | K112: 2060 | L112: 2070 | M112: 2080 | V112: Reuse/Recycled | W112: Type | X112: Material | Y112: 2000 | Z112: 2010 | AA112: 2020 | AB112: 2030 | AC112: 2040 | AD112: 2050 | AE112: 2060 | AF112: 2070 | AG112: 2080
B113: 2 | C113: SF | D113: Brick | E113: =$B113*E$17 -> 0 | F113: =$B113*F$17 -> 0 | G113: =$B113*G$17 -> 0 | H113: =$B113*H$17 -> 0 | I113: =$B113*I$17 -> 0 | J113: =$B113*J$17 -> 0 | K113: =$B113*K$17 -> 2 | L113: =$B113*L$17 -> 0 | M113: =$B113*M$17 -> 0 | V113: 1 | W113: SF | X113: Brick | Y113: =$V113*E$17 -> 0 | Z113: =$V113*F$17 -> 0 | AA113: =$V113*G$17 -> 0 | AB113: =$V113*H$17 -> 0 | AC113: =$V113*I$17 -> 0 | AD113: =$V113*J$17 -> 0 | AE113: =$V113*K$17 -> 1 | AF113: =$V113*L$17 -> 0 | AG113: =$V113*M$17 -> 0
B114: 2.5 | C114: SF | D114: Wood | E114: =$B114*E$17 -> 0 | F114: =$B114*F$17 -> 0 | G114: =$B114*G$17 -> 0 | H114: =$B114*H$17 -> 0 | I114: =$B114*I$17 -> 0 | J114: =$B114*J$17 -> 0 | K114: =$B114*K$17 -> 2.5 | L114: =$B114*L$17 -> 0 | M114: =$B114*M$17 -> 0 | V114: 2 | W114: SF | X114: Wood | Y114: =$V114*E$17 -> 0 | Z114: =$V114*F$17 -> 0 | AA114: =$V114*G$17 -> 0 | AB114: =$V114*H$17 -> 0 | AC114: =$V114*I$17 -> 0 | AD114: =$V114*J$17 -> 0 | AE114: =$V114*K$17 -> 2 | AF114: =$V114*L$17 -> 0 | AG114: =$V114*M$17 -> 0
B115: 1 | C115: SF | D115: Metal | E115: =$B115*E$17 -> 0 | F115: =$B115*F$17 -> 0 | G115: =$B115*G$17 -> 0 | H115: =$B115*H$17 -> 0 | I115: =$B115*I$17 -> 0 | J115: =$B115*J$17 -> 0 | K115: =$B115*K$17 -> 1 | L115: =$B115*L$17 -> 0 | M115: =$B115*M$17 -> 0 | V115: 1 | W115: SF | X115: Metal | Y115: =$V115*E$17 -> 0 | Z115: =$V115*F$17 -> 0 | AA115: =$V115*G$17 -> 0 | AB115: =$V115*H$17 -> 0 | AC115: =$V115*I$17 -> 0 | AD115: =$V115*J$17 -> 0 | AE115: =$V115*K$17 -> 1 | AF115: =$V115*L$17 -> 0 | AG115: =$V115*M$17 -> 0
B116: 1 | C116: SF | D116: Glass | E116: =$B116*E$17 -> 0 | F116: =$B116*F$17 -> 0 | G116: =$B116*G$17 -> 0 | H116: =$B116*H$17 -> 0 | I116: =$B116*I$17 -> 0 | J116: =$B116*J$17 -> 0 | K116: =$B116*K$17 -> 1 | L116: =$B116*L$17 -> 0 | M116: =$B116*M$17 -> 0 | V116: 0 | W116: SF | X116: Glass | Y116: =$V116*E$17 -> 0 | Z116: =$V116*F$17 -> 0 | AA116: =$V116*G$17 -> 0 | AB116: =$V116*H$17 -> 0 | AC116: =$V116*I$17 -> 0 | AD116: =$V116*J$17 -> 0 | AE116: =$V116*K$17 -> 0 | AF116: =$V116*L$17 -> 0 | AG116: =$V116*M$17 -> 0
B117: 6.5 | C117: SF | D117: Total | E117: =$B117*E$17 -> 0 | F117: =$B117*F$17 -> 0 | G117: =$B117*G$17 -> 0 | H117: =$B117*H$17 -> 0 | I117: =$B117*I$17 -> 0 | J117: =$B117*J$17 -> 0 | K117: =$B117*K$17 -> 6.5 | L117: =$B117*L$17 -> 0 | M117: =$B117*M$17 -> 0 | V117: 4 | W117: SF | X117: Total | Y117: =$V117*E$17 -> 0 | Z117: =$V117*F$17 -> 0 | AA117: =$V117*G$17 -> 0 | AB117: =$V117*H$17 -> 0 | AC117: =$V117*I$17 -> 0 | AD117: =$V117*J$17 -> 0 | AE117: =$V117*K$17 -> 4 | AF117: =$V117*L$17 -> 0 | AG117: =$V117*M$17 -> 0
C119: Total Materials from Demolished Buildings: MF | W119: Materials from Demolished Buildings for Reuse/Recycling: MF
B120: Total Debris | C120: Type | D120: Material | E120: 2000 | F120: 2010 | G120: 2020 | H120: 2030 | I120: 2040 | J120: 2050 | K120: 2060 | L120: 2070 | M120: 2080 | V120: Reuse/Recycled | W120: Type | X120: Material | Y120: 2000 | Z120: 2010 | AA120: 2020 | AB120: 2030 | AC120: 2040 | AD120: 2050 | AE120: 2060 | AF120: 2070 | AG120: 2080
B121: 12 | C121: MF | D121: Brick | E121: =$B121*E$21 -> 0 | F121: =$B121*F$21 -> 0 | G121: =$B121*G$21 -> 0 | H121: =$B121*H$21 -> 0 | I121: =$B121*I$21 -> 0 | J121: =$B121*J$21 -> 0 | K121: =$B121*K$21 -> 0 | L121: =$B121*L$21 -> 0 | M121: =$B121*M$21 -> 0 | V121: 6 | W121: MF | X121: Brick | Y121: =$V121*E$21 -> 0 | Z121: =$V121*F$21 -> 0 | AA121: =$V121*G$21 -> 0 | AB121: =$V121*H$21 -> 0 | AC121: =$V121*I$21 -> 0 | AD121: =$V121*J$21 -> 0 | AE121: =$V121*K$21 -> 0 | AF121: =$V121*L$21 -> 0 | AG121: =$V121*M$21 -> 0
B122: 0 | C122: MF | D122: Wood | E122: =$B122*E$21 -> 0 | F122: =$B122*F$21 -> 0 | G122: =$B122*G$21 -> 0 | H122: =$B122*H$21 -> 0 | I122: =$B122*I$21 -> 0 | J122: =$B122*J$21 -> 0 | K122: =$B122*K$21 -> 0 | L122: =$B122*L$21 -> 0 | M122: =$B122*M$21 -> 0 | V122: 0 | W122: MF | X122: Wood | Y122: =$V122*E$21 -> 0 | Z122: =$V122*F$21 -> 0 | AA122: =$V122*G$21 -> 0 | AB122: =$V122*H$21 -> 0 | AC122: =$V122*I$21 -> 0 | AD122: =$V122*J$21 -> 0 | AE122: =$V122*K$21 -> 0 | AF122: =$V122*L$21 -> 0 | AG122: =$V122*M$21 -> 0
B123: 4 | C123: MF | D123: Metal | E123: =$B123*E$21 -> 0 | F123: =$B123*F$21 -> 0 | G123: =$B123*G$21 -> 0 | H123: =$B123*H$21 -> 0 | I123: =$B123*I$21 -> 0 | J123: =$B123*J$21 -> 0 | K123: =$B123*K$21 -> 0 | L123: =$B123*L$21 -> 0 | M123: =$B123*M$21 -> 0 | V123: 2 | W123: MF | X123: Metal | Y123: =$V123*E$21 -> 0 | Z123: =$V123*F$21 -> 0 | AA123: =$V123*G$21 -> 0 | AB123: =$V123*H$21 -> 0 | AC123: =$V123*I$21 -> 0 | AD123: =$V123*J$21 -> 0 | AE123: =$V123*K$21 -> 0 | AF123: =$V123*L$21 -> 0 | AG123: =$V123*M$21 -> 0
B124: 2 | C124: MF | D124: Glass | E124: =$B124*E$21 -> 0 | F124: =$B124*F$21 -> 0 | G124: =$B124*G$21 -> 0 | H124: =$B124*H$21 -> 0 | I124: =$B124*I$21 -> 0 | J124: =$B124*J$21 -> 0 | K124: =$B124*K$21 -> 0 | L124: =$B124*L$21 -> 0 | M124: =$B124*M$21 -> 0 | V124: 0 | W124: MF | X124: Glass | Y124: =$V124*E$21 -> 0 | Z124: =$V124*F$21 -> 0 | AA124: =$V124*G$21 -> 0 | AB124: =$V124*H$21 -> 0 | AC124: =$V124*I$21 -> 0 | AD124: =$V124*J$21 -> 0 | AE124: =$V124*K$21 -> 0 | AF124: =$V124*L$21 -> 0 | AG124: =$V124*M$21 -> 0
B125: 18 | C125: MF | D125: Total | E125: =$B125*E$21 -> 0 | F125: =$B125*F$21 -> 0 | G125: =$B125*G$21 -> 0 | H125: =$B125*H$21 -> 0 | I125: =$B125*I$21 -> 0 | J125: =$B125*J$21 -> 0 | K125: =$B125*K$21 -> 0 | L125: =$B125*L$21 -> 0 | M125: =$B125*M$21 -> 0 | V125: 8 | W125: MF | X125: Total | Y125: =$V125*E$21 -> 0 | Z125: =$V125*F$21 -> 0 | AA125: =$V125*G$21 -> 0 | AB125: =$V125*H$21 -> 0 | AC125: =$V125*I$21 -> 0 | AD125: =$V125*J$21 -> 0 | AE125: =$V125*K$21 -> 0 | AF125: =$V125*L$21 -> 0 | AG125: =$V125*M$21 -> 0
C127: Total Materials from Demolished Buildings: Both | W127: Materials from Demolished Buildings for Reuse/Recycling: Both
C128: Type | D128: Material | E128: 2000 | F128: 2010 | G128: 2020 | H128: 2030 | I128: 2040 | J128: 2050 | K128: 2060 | L128: 2070 | M128: 2080 | W128: Type | X128: Material | Y128: 2000 | Z128: 2010 | AA128: 2020 | AB128: 2030 | AC128: 2040 | AD128: 2050 | AE128: 2060 | AF128: 2070 | AG128: 2080
C129: Both | D129: Brick | E129: =E113+E121 -> 0 | F129: =F113+F121 -> 0 | G129: =G113+G121 -> 0 | H129: =H113+H121 -> 0 | I129: =I113+I121 -> 0 | J129: =J113+J121 -> 0 | K129: =K113+K121 -> 2 | L129: =L113+L121 -> 0 | M129: =M113+M121 -> 0 | W129: Both | X129: Brick | Y129: =Y113+Y121 -> 0 | Z129: =Z113+Z121 -> 0 | AA129: =AA113+AA121 -> 0 | AB129: =AB113+AB121 -> 0 | AC129: =AC113+AC121 -> 0 | AD129: =AD113+AD121 -> 0 | AE129: =AE113+AE121 -> 1 | AF129: =AF113+AF121 -> 0 | AG129: =AG113+AG121 -> 0
C130: Both | D130: Wood | E130: =E114+E122 -> 0 | F130: =F114+F122 -> 0 | G130: =G114+G122 -> 0 | H130: =H114+H122 -> 0 | I130: =I114+I122 -> 0 | J130: =J114+J122 -> 0 | K130: =K114+K122 -> 2.5 | L130: =L114+L122 -> 0 | M130: =M114+M122 -> 0 | W130: Both | X130: Wood | Y130: =Y114+Y122 -> 0 | Z130: =Z114+Z122 -> 0 | AA130: =AA114+AA122 -> 0 | AB130: =AB114+AB122 -> 0 | AC130: =AC114+AC122 -> 0 | AD130: =AD114+AD122 -> 0 | AE130: =AE114+AE122 -> 2 | AF130: =AF114+AF122 -> 0 | AG130: =AG114+AG122 -> 0
C131: Both | D131: Metal | E131: =E115+E123 -> 0 | F131: =F115+F123 -> 0 | G131: =G115+G123 -> 0 | H131: =H115+H123 -> 0 | I131: =I115+I123 -> 0 | J131: =J115+J123 -> 0 | K131: =K115+K123 -> 1 | L131: =L115+L123 -> 0 | M131: =M115+M123 -> 0 | W131: Both | X131: Metal | Y131: =Y115+Y123 -> 0 | Z131: =Z115+Z123 -> 0 | AA131: =AA115+AA123 -> 0 | AB131: =AB115+AB123 -> 0 | AC131: =AC115+AC123 -> 0 | AD131: =AD115+AD123 -> 0 | AE131: =AE115+AE123 -> 1 | AF131: =AF115+AF123 -> 0 | AG131: =AG115+AG123 -> 0
C132: Both | D132: Glass | E132: =E116+E124 -> 0 | F132: =F116+F124 -> 0 | G132: =G116+G124 -> 0 | H132: =H116+H124 -> 0 | I132: =I116+I124 -> 0 | J132: =J116+J124 -> 0 | K132: =K116+K124 -> 1 | L132: =L116+L124 -> 0 | M132: =M116+M124 -> 0 | W132: Both | X132: Glass | Y132: =Y116+Y124 -> 0 | Z132: =Z116+Z124 -> 0 | AA132: =AA116+AA124 -> 0 | AB132: =AB116+AB124 -> 0 | AC132: =AC116+AC124 -> 0 | AD132: =AD116+AD124 -> 0 | AE132: =AE116+AE124 -> 0 | AF132: =AF116+AF124 -> 0 | AG132: =AG116+AG124 -> 0
C133: Both | D133: Total | E133: =E117+E125 -> 0 | F133: =F117+F125 -> 0 | G133: =G117+G125 -> 0 | H133: =H117+H125 -> 0 | I133: =I117+I125 -> 0 | J133: =J117+J125 -> 0 | K133: =K117+K125 -> 6.5 | L133: =L117+L125 -> 0 | M133: =M117+M125 -> 0 | W133: Both | X133: Total | Y133: =Y117+Y125 -> 0 | Z133: =Z117+Z125 -> 0 | AA133: =AA117+AA125 -> 0 | AB133: =AB117+AB125 -> 0 | AC133: =AC117+AC125 -> 0 | AD133: =AD117+AD125 -> 0 | AE133: =AE117+AE125 -> 4 | AF133: =AF117+AF125 -> 0 | AG133: =AG117+AG125 -> 0

Sheet Flow Tracker Input Sheet
B2: Flow Tracker: Materials Warehouse Manager (MWM) | Y2: Challenge: make charts like these for particular materials!
C3: Fill In: | D3: Fill In: | G3: Fill In: | H3: Fill In: | K3: Fill In: | L3: Fill In: | O3: Fill In: | P3: Fill In:
C4: Brick | G4: Wood | K4: Metal | O4: Glass | S4: Total
B5: Year | C5: Flow In | D5: Flow Out | E5: Stock Δ | F5: Stock | G5: Flow In | H5: Flow Out | I5: Stock Δ | J5: Stock | K5: Flow In | L5: Flow Out | M5: Stock Δ | N5: Stock | O5: Flow In | P5: Flow Out | Q5: Stock Δ | R5: Stock | S5: Flow In | T5: Flow Out | U5: Stock Δ | V5: Stock
B6: 2000 | E6: =C6-D6 -> 0 | F6: =E6 -> 0 | I6: =G6-H6 -> 0 | J6: =I6 -> 0 | M6: =K6-L6 -> 0 | N6: =M6 -> 0 | Q6: =O6-P6 -> 0 | R6: =Q6 -> 0 | S6: =SUMIF($C$5:$R$5,S$5,$C6:$R6) -> 0 | T6: =-SUMIF($C$5:$R$5,T$5,$C6:$R6) -> 0 | U6: =SUMIF($C$5:$R$5,U$5,$C6:$R6) -> 0 | V6: =SUMIF($C$5:$R$5,V$5,$C6:$R6) -> 0
B7: 2010 | E7: =C7-D7 -> 0 | F7: =F6+E7 -> 0 | I7: =G7-H7 -> 0 | J7: =J6+I7 -> 0 | M7: =K7-L7 -> 0 | N7: =N6+M7 -> 0 | Q7: =O7-P7 -> 0 | R7: =R6+Q7 -> 0 | S7: =SUMIF($C$5:$R$5,S$5,$C7:$R7) -> 0 | T7: =-SUMIF($C$5:$R$5,T$5,$C7:$R7) -> 0 | U7: =SUMIF($C$5:$R$5,U$5,$C7:$R7) -> 0 | V7: =SUMIF($C$5:$R$5,V$5,$C7:$R7) -> 0
B8: 2020 | E8: =C8-D8 -> 0 | F8: =F7+E8 -> 0 | I8: =G8-H8 -> 0 | J8: =J7+I8 -> 0 | M8: =K8-L8 -> 0 | N8: =N7+M8 -> 0 | Q8: =O8-P8 -> 0 | R8: =R7+Q8 -> 0 | S8: =SUMIF($C$5:$R$5,S$5,$C8:$R8) -> 0 | T8: =-SUMIF($C$5:$R$5,T$5,$C8:$R8) -> 0 | U8: =SUMIF($C$5:$R$5,U$5,$C8:$R8) -> 0 | V8: =SUMIF($C$5:$R$5,V$5,$C8:$R8) -> 0
B9: 2030 | E9: =C9-D9 -> 0 | F9: =F8+E9 -> 0 | I9: =G9-H9 -> 0 | J9: =J8+I9 -> 0 | M9: =K9-L9 -> 0 | N9: =N8+M9 -> 0 | Q9: =O9-P9 -> 0 | R9: =R8+Q9 -> 0 | S9: =SUMIF($C$5:$R$5,S$5,$C9:$R9) -> 0 | T9: =-SUMIF($C$5:$R$5,T$5,$C9:$R9) -> 0 | U9: =SUMIF($C$5:$R$5,U$5,$C9:$R9) -> 0 | V9: =SUMIF($C$5:$R$5,V$5,$C9:$R9) -> 0
B10: 2040 | E10: =C10-D10 -> 0 | F10: =F9+E10 -> 0 | I10: =G10-H10 -> 0 | J10: =J9+I10 -> 0 | M10: =K10-L10 -> 0 | N10: =N9+M10 -> 0 | Q10: =O10-P10 -> 0 | R10: =R9+Q10 -> 0 | S10: =SUMIF($C$5:$R$5,S$5,$C10:$R10) -> 0 | T10: =-SUMIF($C$5:$R$5,T$5,$C10:$R10) -> 0 | U10: =SUMIF($C$5:$R$5,U$5,$C10:$R10) -> 0 | V10: =SUMIF($C$5:$R$5,V$5,$C10:$R10) -> 0
B11: 2050 | E11: =C11-D11 -> 0 | F11: =F10+E11 -> 0 | I11: =G11-H11 -> 0 | J11: =J10+I11 -> 0 | M11: =K11-L11 -> 0 | N11: =N10+M11 -> 0 | Q11: =O11-P11 -> 0 | R11: =R10+Q11 -> 0 | S11: =SUMIF($C$5:$R$5,S$5,$C11:$R11) -> 0 | T11: =-SUMIF($C$5:$R$5,T$5,$C11:$R11) -> 0 | U11: =SUMIF($C$5:$R$5,U$5,$C11:$R11) -> 0 | V11: =SUMIF($C$5:$R$5,V$5,$C11:$R11) -> 0
B12: 2060 | E12: =C12-D12 -> 0 | F12: =F11+E12 -> 0 | I12: =G12-H12 -> 0 | J12: =J11+I12 -> 0 | M12: =K12-L12 -> 0 | N12: =N11+M12 -> 0 | Q12: =O12-P12 -> 0 | R12: =R11+Q12 -> 0 | S12: =SUMIF($C$5:$R$5,S$5,$C12:$R12) -> 0 | T12: =-SUMIF($C$5:$R$5,T$5,$C12:$R12) -> 0 | U12: =SUMIF($C$5:$R$5,U$5,$C12:$R12) -> 0 | V12: =SUMIF($C$5:$R$5,V$5,$C12:$R12) -> 0
B13: 2070 | E13: =C13-D13 -> 0 | F13: =F12+E13 -> 0 | I13: =G13-H13 -> 0 | J13: =J12+I13 -> 0 | M13: =K13-L13 -> 0 | N13: =N12+M13 -> 0 | Q13: =O13-P13 -> 0 | R13: =R12+Q13 -> 0 | S13: =SUMIF($C$5:$R$5,S$5,$C13:$R13) -> 0 | T13: =-SUMIF($C$5:$R$5,T$5,$C13:$R13) -> 0 | U13: =SUMIF($C$5:$R$5,U$5,$C13:$R13) -> 0 | V13: =SUMIF($C$5:$R$5,V$5,$C13:$R13) -> 0
B14: 2080 | E14: =C14-D14 -> 0 | F14: =F13+E14 -> 0 | I14: =G14-H14 -> 0 | J14: =J13+I14 -> 0 | M14: =K14-L14 -> 0 | N14: =N13+M14 -> 0 | Q14: =O14-P14 -> 0 | R14: =R13+Q14 -> 0 | S14: =SUMIF($C$5:$R$5,S$5,$C14:$R14) -> 0 | T14: =-SUMIF($C$5:$R$5,T$5,$C14:$R14) -> 0 | U14: =SUMIF($C$5:$R$5,U$5,$C14:$R14) -> 0 | V14: =SUMIF($C$5:$R$5,V$5,$C14:$R14) -> 0
B15: Total | C15: =SUM(C6:C14) -> 0 | D15: =SUM(D6:D14) -> 0 | E15: =SUM(E6:E14) -> 0 | F15: N/A | G15: =SUM(G6:G14) -> 0 | H15: =SUM(H6:H14) -> 0 | I15: =SUM(I6:I14) -> 0 | J15: N/A | K15: =SUM(K6:K14) -> 0 | L15: =SUM(L6:L14) -> 0 | M15: =SUM(M6:M14) -> 0 | N15: N/A | O15: =SUM(O6:O14) -> 0 | P15: =SUM(P6:P14) -> 0 | Q15: =SUM(Q6:Q14) -> 0 | R15: N/A | S15: =SUMIF($C$5:$R$5,S$5,$C15:$R15) -> 0 | T15: =-SUMIF($C$5:$R$5,T$5,$C15:$R15) -> 0 | U15: =SUMIF($C$5:$R$5,U$5,$C15:$R15) -> 0
B19: Flow Tracker: Waste & Recycling Manager (WRM)
C21: Brick for Reuse | G21: Wood for Reuse | K21: Metal for Recycling | O21: Combined Scrap &
O22: Debris for Landfill | S22: Total
B23: Year | C23: Flow In | D23: Flow Out | E23: Stock Δ | F23: Stock | G23: Flow In | H23: Flow Out | I23: Stock Δ | J23: Stock | K23: Flow In | L23: Flow Out | M23: Stock Δ | N23: Stock | O23: Flow In | P23: Flow Out | Q23: Stock Δ | R23: Stock | S23: Flow In | T23: Flow Out | U23: Stock Δ | V23: Stock
B24: 2000 | E24: =C24-D24 -> 0 | F24: =E24 -> 0 | I24: =G24-H24 -> 0 | J24: =I24 -> 0 | M24: =K24-L24 -> 0 | N24: =M24 -> 0 | Q24: =O24-P24 -> 0 | R24: =Q24 -> 0 | S24: =SUMIF($C$5:$R$5,S$5,$C24:$R24) -> 0 | T24: =-SUMIF($C$5:$R$5,T$5,$C24:$R24) -> 0 | U24: =SUMIF($C$5:$R$5,U$5,$C24:$R24) -> 0 | V24: =SUMIF($C$5:$R$5,V$5,$C24:$R24) -> 0
B25: 2010 | E25: =C25-D25 -> 0 | F25: =F24+E25 -> 0 | I25: =G25-H25 -> 0 | J25: =J24+I25 -> 0 | M25: =K25-L25 -> 0 | N25: =N24+M25 -> 0 | Q25: =O25-P25 -> 0 | R25: =R24+Q25 -> 0 | S25: =SUMIF($C$5:$R$5,S$5,$C25:$R25) -> 0 | T25: =-SUMIF($C$5:$R$5,T$5,$C25:$R25) -> 0 | U25: =SUMIF($C$5:$R$5,U$5,$C25:$R25) -> 0 | V25: =SUMIF($C$5:$R$5,V$5,$C25:$R25) -> 0
B26: 2020 | E26: =C26-D26 -> 0 | F26: =F25+E26 -> 0 | I26: =G26-H26 -> 0 | J26: =J25+I26 -> 0 | M26: =K26-L26 -> 0 | N26: =N25+M26 -> 0 | Q26: =O26-P26 -> 0 | R26: =R25+Q26 -> 0 | S26: =SUMIF($C$5:$R$5,S$5,$C26:$R26) -> 0 | T26: =-SUMIF($C$5:$R$5,T$5,$C26:$R26) -> 0 | U26: =SUMIF($C$5:$R$5,U$5,$C26:$R26) -> 0 | V26: =SUMIF($C$5:$R$5,V$5,$C26:$R26) -> 0
B27: 2030 | E27: =C27-D27 -> 0 | F27: =F26+E27 -> 0 | I27: =G27-H27 -> 0 | J27: =J26+I27 -> 0 | M27: =K27-L27 -> 0 | N27: =N26+M27 -> 0 | Q27: =O27-P27 -> 0 | R27: =R26+Q27 -> 0 | S27: =SUMIF($C$5:$R$5,S$5,$C27:$R27) -> 0 | T27: =-SUMIF($C$5:$R$5,T$5,$C27:$R27) -> 0 | U27: =SUMIF($C$5:$R$5,U$5,$C27:$R27) -> 0 | V27: =SUMIF($C$5:$R$5,V$5,$C27:$R27) -> 0
B28: 2040 | E28: =C28-D28 -> 0 | F28: =F27+E28 -> 0 | I28: =G28-H28 -> 0 | J28: =J27+I28 -> 0 | M28: =K28-L28 -> 0 | N28: =N27+M28 -> 0 | Q28: =O28-P28 -> 0 | R28: =R27+Q28 -> 0 | S28: =SUMIF($C$5:$R$5,S$5,$C28:$R28) -> 0 | T28: =-SUMIF($C$5:$R$5,T$5,$C28:$R28) -> 0 | U28: =SUMIF($C$5:$R$5,U$5,$C28:$R28) -> 0 | V28: =SUMIF($C$5:$R$5,V$5,$C28:$R28) -> 0
B29: 2050 | E29: =C29-D29 -> 0 | F29: =F28+E29 -> 0 | I29: =G29-H29 -> 0 | J29: =J28+I29 -> 0 | M29: =K29-L29 -> 0 | N29: =N28+M29 -> 0 | Q29: =O29-P29 -> 0 | R29: =R28+Q29 -> 0 | S29: =SUMIF($C$5:$R$5,S$5,$C29:$R29) -> 0 | T29: =-SUMIF($C$5:$R$5,T$5,$C29:$R29) -> 0 | U29: =SUMIF($C$5:$R$5,U$5,$C29:$R29) -> 0 | V29: =SUMIF($C$5:$R$5,V$5,$C29:$R29) -> 0
B30: 2060 | E30: =C30-D30 -> 0 | F30: =F29+E30 -> 0 | I30: =G30-H30 -> 0 | J30: =J29+I30 -> 0 | M30: =K30-L30 -> 0 | N30: =N29+M30 -> 0 | Q30: =O30-P30 -> 0 | R30: =R29+Q30 -> 0 | S30: =SUMIF($C$5:$R$5,S$5,$C30:$R30) -> 0 | T30: =-SUMIF($C$5:$R$5,T$5,$C30:$R30) -> 0 | U30: =SUMIF($C$5:$R$5,U$5,$C30:$R30) -> 0 | V30: =SUMIF($C$5:$R$5,V$5,$C30:$R30) -> 0
B31: 2070 | E31: =C31-D31 -> 0 | F31: =F30+E31 -> 0 | I31: =G31-H31 -> 0 | J31: =J30+I31 -> 0 | M31: =K31-L31 -> 0 | N31: =N30+M31 -> 0 | Q31: =O31-P31 -> 0 | R31: =R30+Q31 -> 0 | S31: =SUMIF($C$5:$R$5,S$5,$C31:$R31) -> 0 | T31: =-SUMIF($C$5:$R$5,T$5,$C31:$R31) -> 0 | U31: =SUMIF($C$5:$R$5,U$5,$C31:$R31) -> 0 | V31: =SUMIF($C$5:$R$5,V$5,$C31:$R31) -> 0
B32: 2080 | E32: =C32-D32 -> 0 | F32: =F31+E32 -> 0 | I32: =G32-H32 -> 0 | J32: =J31+I32 -> 0 | M32: =K32-L32 -> 0 | N32: =N31+M32 -> 0 | Q32: =O32-P32 -> 0 | R32: =R31+Q32 -> 0 | S32: =SUMIF($C$5:$R$5,S$5,$C32:$R32) -> 0 | T32: =-SUMIF($C$5:$R$5,T$5,$C32:$R32) -> 0 | U32: =SUMIF($C$5:$R$5,U$5,$C32:$R32) -> 0 | V32: =SUMIF($C$5:$R$5,V$5,$C32:$R32) -> 0
B33: Total | C33: =SUM(C24:C32) -> 0 | D33: =SUM(D24:D32) -> 0 | E33: =SUM(E24:E32) -> 0 | F33: N/A | G33: =SUM(G24:G32) -> 0 | H33: =SUM(H24:H32) -> 0 | I33: =SUM(I24:I32) -> 0 | J33: N/A | K33: =SUM(K24:K32) -> 0 | L33: =SUM(L24:L32) -> 0 | M33: =SUM(M24:M32) -> 0 | N33: N/A | O33: =SUM(O24:O32) -> 0 | P33: =SUM(P24:P32) -> 0 | Q33: =SUM(Q24:Q32) -> 0 | R33: N/A | S33: =SUMIF($C$5:$R$5,S$5,$C33:$R33) -> 0 | T33: =-SUMIF($C$5:$R$5,T$5,$C33:$R33) -> 0 | U33: =SUMIF($C$5:$R$5,U$5,$C33:$R33) -> 0
B36: Flow Tracker: Construction Manager (CM) and Debris and Demolition Manager (DDM)
C38: Brick | G38: Wood | K38: Metal | O38: Glass | S38: Total
B39: Year | C39: Flow In | D39: Flow Out | E39: Stock Δ | F39: Stock | G39: Flow In | H39: Flow Out | I39: Stock Δ | J39: Stock | K39: Flow In | L39: Flow Out | M39: Stock Δ | N39: Stock | O39: Flow In | P39: Flow Out | Q39: Stock Δ | R39: Stock | S39: Flow In | T39: Flow Out | U39: Stock Δ | V39: Stock
B40: 2000 | E40: =C40-D40 -> 0 | F40: =E40 -> 0 | I40: =G40-H40 -> 0 | J40: =I40 -> 0 | M40: =K40-L40 -> 0 | N40: =M40 -> 0 | Q40: =O40-P40 -> 0 | R40: =Q40 -> 0 | S40: =SUMIF($C$5:$R$5,S$5,$C40:$R40) -> 0 | T40: =-SUMIF($C$5:$R$5,T$5,$C40:$R40) -> 0 | U40: =SUMIF($C$5:$R$5,U$5,$C40:$R40) -> 0 | V40: =SUMIF($C$5:$R$5,V$5,$C40:$R40) -> 0
B41: 2010 | E41: =C41-D41 -> 0 | F41: =F40+E41 -> 0 | I41: =G41-H41 -> 0 | J41: =J40+I41 -> 0 | M41: =K41-L41 -> 0 | N41: =N40+M41 -> 0 | Q41: =O41-P41 -> 0 | R41: =R40+Q41 -> 0 | S41: =SUMIF($C$5:$R$5,S$5,$C41:$R41) -> 0 | T41: =-SUMIF($C$5:$R$5,T$5,$C41:$R41) -> 0 | U41: =SUMIF($C$5:$R$5,U$5,$C41:$R41) -> 0 | V41: =SUMIF($C$5:$R$5,V$5,$C41:$R41) -> 0
B42: 2020 | E42: =C42-D42 -> 0 | F42: =F41+E42 -> 0 | I42: =G42-H42 -> 0 | J42: =J41+I42 -> 0 | M42: =K42-L42 -> 0 | N42: =N41+M42 -> 0 | Q42: =O42-P42 -> 0 | R42: =R41+Q42 -> 0 | S42: =SUMIF($C$5:$R$5,S$5,$C42:$R42) -> 0 | T42: =-SUMIF($C$5:$R$5,T$5,$C42:$R42) -> 0 | U42: =SUMIF($C$5:$R$5,U$5,$C42:$R42) -> 0 | V42: =SUMIF($C$5:$R$5,V$5,$C42:$R42) -> 0
B43: 2030 | E43: =C43-D43 -> 0 | F43: =F42+E43 -> 0 | I43: =G43-H43 -> 0 | J43: =J42+I43 -> 0 | M43: =K43-L43 -> 0 | N43: =N42+M43 -> 0 | Q43: =O43-P43 -> 0 | R43: =R42+Q43 -> 0 | S43: =SUMIF($C$5:$R$5,S$5,$C43:$R43) -> 0 | T43: =-SUMIF($C$5:$R$5,T$5,$C43:$R43) -> 0 | U43: =SUMIF($C$5:$R$5,U$5,$C43:$R43) -> 0 | V43: =SUMIF($C$5:$R$5,V$5,$C43:$R43) -> 0
B44: 2040 | E44: =C44-D44 -> 0 | F44: =F43+E44 -> 0 | I44: =G44-H44 -> 0 | J44: =J43+I44 -> 0 | M44: =K44-L44 -> 0 | N44: =N43+M44 -> 0 | Q44: =O44-P44 -> 0 | R44: =R43+Q44 -> 0 | S44: =SUMIF($C$5:$R$5,S$5,$C44:$R44) -> 0 | T44: =-SUMIF($C$5:$R$5,T$5,$C44:$R44) -> 0 | U44: =SUMIF($C$5:$R$5,U$5,$C44:$R44) -> 0 | V44: =SUMIF($C$5:$R$5,V$5,$C44:$R44) -> 0
B45: 2050 | E45: =C45-D45 -> 0 | F45: =F44+E45 -> 0 | I45: =G45-H45 -> 0 | J45: =J44+I45 -> 0 | M45: =K45-L45 -> 0 | N45: =N44+M45 -> 0 | Q45: =O45-P45 -> 0 | R45: =R44+Q45 -> 0 | S45: =SUMIF($C$5:$R$5,S$5,$C45:$R45) -> 0 | T45: =-SUMIF($C$5:$R$5,T$5,$C45:$R45) -> 0 | U45: =SUMIF($C$5:$R$5,U$5,$C45:$R45) -> 0 | V45: =SUMIF($C$5:$R$5,V$5,$C45:$R45) -> 0
B46: 2060 | E46: =C46-D46 -> 0 | F46: =F45+E46 -> 0 | I46: =G46-H46 -> 0 | J46: =J45+I46 -> 0 | M46: =K46-L46 -> 0 | N46: =N45+M46 -> 0 | Q46: =O46-P46 -> 0 | R46: =R45+Q46 -> 0 | S46: =SUMIF($C$5:$R$5,S$5,$C46:$R46) -> 0 | T46: =-SUMIF($C$5:$R$5,T$5,$C46:$R46) -> 0 | U46: =SUMIF($C$5:$R$5,U$5,$C46:$R46) -> 0 | V46: =SUMIF($C$5:$R$5,V$5,$C46:$R46) -> 0
B47: 2070 | E47: =C47-D47 -> 0 | F47: =F46+E47 -> 0 | I47: =G47-H47 -> 0 | J47: =J46+I47 -> 0 | M47: =K47-L47 -> 0 | N47: =N46+M47 -> 0 | Q47: =O47-P47 -> 0 | R47: =R46+Q47 -> 0 | S47: =SUMIF($C$5:$R$5,S$5,$C47:$R47) -> 0 | T47: =-SUMIF($C$5:$R$5,T$5,$C47:$R47) -> 0 | U47: =SUMIF($C$5:$R$5,U$5,$C47:$R47) -> 0 | V47: =SUMIF($C$5:$R$5,V$5,$C47:$R47) -> 0
B48: 2080 | E48: =C48-D48 -> 0 | F48: =F47+E48 -> 0 | I48: =G48-H48 -> 0 | J48: =J47+I48 -> 0 | M48: =K48-L48 -> 0 | N48: =N47+M48 -> 0 | Q48: =O48-P48 -> 0 | R48: =R47+Q48 -> 0 | S48: =SUMIF($C$5:$R$5,S$5,$C48:$R48) -> 0 | T48: =-SUMIF($C$5:$R$5,T$5,$C48:$R48) -> 0 | U48: =SUMIF($C$5:$R$5,U$5,$C48:$R48) -> 0 | V48: =SUMIF($C$5:$R$5,V$5,$C48:$R48) -> 0
B49: Total | C49: =SUM(C40:C48) -> 0 | D49: =SUM(D40:D48) -> 0 | E49: =SUM(E40:E48) -> 0 | F49: N/A | G49: =SUM(G40:G48) -> 0 | H49: =SUM(H40:H48) -> 0 | I49: =SUM(I40:I48) -> 0 | J49: N/A | K49: =SUM(K40:K48) -> 0 | L49: =SUM(L40:L48) -> 0 | M49: =SUM(M40:M48) -> 0 | N49: N/A | O49: =SUM(O40:O48) -> 0 | P49: =SUM(P40:P48) -> 0 | Q49: =SUM(Q40:Q48) -> 0 | R49: N/A | S49: =SUMIF($C$23:$R$23,S$23,$C49:$R49) -> 0 | T49: =SUMIF($C$23:$R$23,T$23,$C49:$R49) -> 0 | U49: =SUMIF($C$23:$R$23,U$23,$C49:$R49) -> 0
B52: Overall: All Materials, All Roles
S54: Total
B55: Year | C55: Flow In | D55: Flow Out | E55: Stock Δ | F55: Stock | G55: Flow In | H55: Flow Out | I55: Stock Δ | J55: Stock | K55: Flow In | L55: Flow Out | M55: Stock Δ | N55: Stock | O55: Flow In | P55: Flow Out | Q55: Stock Δ | R55: Stock | S55: Flow In | T55: Flow Out | U55: Stock Δ | V55: Stock
B56: 2000 | S56: =SUMIF($B$6:$B$49,$B56,S$6:S$49) -> 0 | T56: =SUMIF($B$6:$B$49,$B56,T$6:T$49) -> 0 | U56: =SUMIF($B$6:$B$49,$B56,U$6:U$49) -> 0 | V56: =SUMIF($B$6:$B$49,$B56,V$6:V$49) -> 0
B57: 2010 | S57: =SUMIF($B$6:$B$49,$B57,S$6:S$49) -> 0 | T57: =SUMIF($B$6:$B$49,$B57,T$6:T$49) -> 0 | U57: =SUMIF($B$6:$B$49,$B57,U$6:U$49) -> 0 | V57: =SUMIF($B$6:$B$49,$B57,V$6:V$49) -> 0
B58: 2020 | S58: =SUMIF($B$6:$B$49,$B58,S$6:S$49) -> 0 | T58: =SUMIF($B$6:$B$49,$B58,T$6:T$49) -> 0 | U58: =SUMIF($B$6:$B$49,$B58,U$6:U$49) -> 0 | V58: =SUMIF($B$6:$B$49,$B58,V$6:V$49) -> 0
B59: 2030 | S59: =SUMIF($B$6:$B$49,$B59,S$6:S$49) -> 0 | T59: =SUMIF($B$6:$B$49,$B59,T$6:T$49) -> 0 | U59: =SUMIF($B$6:$B$49,$B59,U$6:U$49) -> 0 | V59: =SUMIF($B$6:$B$49,$B59,V$6:V$49) -> 0
B60: 2040 | S60: =SUMIF($B$6:$B$49,$B60,S$6:S$49) -> 0 | T60: =SUMIF($B$6:$B$49,$B60,T$6:T$49) -> 0 | U60: =SUMIF($B$6:$B$49,$B60,U$6:U$49) -> 0 | V60: =SUMIF($B$6:$B$49,$B60,V$6:V$49) -> 0
B61: 2050 | S61: =SUMIF($B$6:$B$49,$B61,S$6:S$49) -> 0 | T61: =SUMIF($B$6:$B$49,$B61,T$6:T$49) -> 0 | U61: =SUMIF($B$6:$B$49,$B61,U$6:U$49) -> 0 | V61: =SUMIF($B$6:$B$49,$B61,V$6:V$49) -> 0
B62: 2060 | S62: =SUMIF($B$6:$B$49,$B62,S$6:S$49) -> 0 | T62: =SUMIF($B$6:$B$49,$B62,T$6:T$49) -> 0 | U62: =SUMIF($B$6:$B$49,$B62,U$6:U$49) -> 0 | V62: =SUMIF($B$6:$B$49,$B62,V$6:V$49) -> 0
B63: 2070 | S63: =SUMIF($B$6:$B$49,$B63,S$6:S$49) -> 0 | T63: =SUMIF($B$6:$B$49,$B63,T$6:T$49) -> 0 | U63: =SUMIF($B$6:$B$49,$B63,U$6:U$49) -> 0 | V63: =SUMIF($B$6:$B$49,$B63,V$6:V$49) -> 0
B64: 2080 | S64: =SUMIF($B$6:$B$49,$B64,S$6:S$49) -> 0 | T64: =SUMIF($B$6:$B$49,$B64,T$6:T$49) -> 0 | U64: =SUMIF($B$6:$B$49,$B64,U$6:U$49) -> 0 | V64: =SUMIF($B$6:$B$49,$B64,V$6:V$49) -> 0
B65: 2090 | S65: =SUMIF($B$6:$B$49,$B65,S$6:S$49) -> 0 | T65: =SUMIF($B$6:$B$49,$B65,T$6:T$49) -> 0 | U65: =SUMIF($B$6:$B$49,$B65,U$6:U$49) -> 0 | V65: =SUMIF($B$6:$B$49,$B65,V$6:V$49) -> 0
B66: 2100 | S66: =SUMIF($B$6:$B$49,$B66,S$6:S$49) -> 0 | T66: =SUMIF($B$6:$B$49,$B66,T$6:T$49) -> 0 | U66: =SUMIF($B$6:$B$49,$B66,U$6:U$49) -> 0 | V66: =SUMIF($B$6:$B$49,$B66,V$6:V$49) -> 0
B67: Total

Sheet Hummus Town, growing stock
B1: Building Designers in Hummus Town want to explore what would happen if they make their buildings last longer, by shifting the lifespan later.
B2: Assume they build an initial stock of homes in 2080, and then stock increases at a fixed growth rate each decade.
B3: Change the "Years Shifted Later", the "Initial Stock of Homes" (cell G15), and the "Decadal growth rate of stock" (cell L15)
B5: Weibull Parameters | E5: Candy Town Lifespan Distribution
B6: shift | C6: =shift_orig -> 10 | E6: Lifespan | F6: 0 | G6: 10 | H6: 20 | I6: 30 | J6: 40 | K6: 50 | L6: 60 | M6: 70 | N6: 80 | O6: 90 | P6: 100 | Q6: 110 | R6: 120 | S6: 130 | T6: 140 | U6: 150 | V6: 160 | W6: 170 | X6: 180 | Y6: 190 | Z6: 200
B7: shape | C7: =shape_orig -> 2 | E7: Cumul. % | F7: =IF(F$6<shift_orig,0,_xlfn.WEIBULL.DIST(F$6-shift_orig,shape_orig,scale_orig,TRUE)) -> 0 | G7: =IF(G$6<shift_orig,0,_xlfn.WEIBULL.DIST(G$6-shift_orig,shape_orig,scale_orig,TRUE)) -> 0 | H7: =IF(H$6<shift_orig,0,_xlfn.WEIBULL.DIST(H$6-shift_orig,shape_orig,scale_orig,TRUE)) -> 0.10516068 | I7: =IF(I$6<shift_orig,0,_xlfn.WEIBULL.DIST(I$6-shift_orig,shape_orig,scale_orig,TRUE)) -> 0.35881961 | J7: =IF(J$6<shift_orig,0,_xlfn.WEIBULL.DIST(J$6-shift_orig,shape_orig,scale_orig,TRUE)) -> 0.63212056 | K7: =IF(K$6<shift_orig,0,_xlfn.WEIBULL.DIST(K$6-shift_orig,shape_orig,scale_orig,TRUE)) -> 0.83098668 | L7: =IF(L$6<shift_orig,0,_xlfn.WEIBULL.DIST(L$6-shift_orig,shape_orig,scale_orig,TRUE)) -> 0.93782348 | M7: =IF(M$6<shift_orig,0,_xlfn.WEIBULL.DIST(M$6-shift_orig,shape_orig,scale_orig,TRUE)) -> 0.98168436 | ... Z7: =IF(Z$6<shift_orig,0,_xlfn.WEIBULL.DIST(Z$6-shift_orig,shape_orig,scale_orig,TRUE)) -> 1
B8: scale | C8: =scale_orig -> 30 | E8: Discrete % | F8: 0 | G8: =G7-F7 -> 0 | H8: =H7-G7 -> 0.10516068 | I8: =I7-H7 -> 0.25365893 | J8: =J7-I7 -> 0.27330095 | K8: =K7-J7 -> 0.19886613 | L8: =L7-K7 -> 0.10683679 | M8: =M7-L7 -> 0.043860885 | N8: =N7-M7 -> 0.013995399 | ... Z8: =Z7-Y7 -> 0
E10: Years Shifted Later: | G10: 30 | H10: (must be multiple of 10)
E11: Hummus Town Longer Lifespan Distribution
E12: Lifespan | F12: 0 | G12: 10 | H12: 20 | I12: 30 | J12: 40 | K12: 50 | L12: 60 | M12: 70 | N12: 80 | O12: 90 | P12: 100 | Q12: 110 | R12: 120 | S12: 130 | T12: 140 | U12: 150 | V12: 160 | W12: 170 | X12: 180 | Y12: 190 | Z12: 200
E13: Discrete % | F13: =IFERROR(INDEX($F$8:$O$8,MATCH(F$12-$G$10,$F$6:$O$6,0)),0) -> 0 | G13: =IFERROR(INDEX($F$8:$O$8,MATCH(G$12-$G$10,$F$6:$O$6,0)),0) -> 0 | H13: =IFERROR(INDEX($F$8:$O$8,MATCH(H$12-$G$10,$F$6:$O$6,0)),0) -> 0 | I13: =IFERROR(INDEX($F$8:$O$8,MATCH(I$12-$G$10,$F$6:$O$6,0)),0) -> 0 | J13: =IFERROR(INDEX($F$8:$O$8,MATCH(J$12-$G$10,$F$6:$O$6,0)),0) -> 0 | K13: =IFERROR(INDEX($F$8:$O$8,MATCH(K$12-$G$10,$F$6:$O$6,0)),0) -> 0.10516068 | L13: =IFERROR(INDEX($F$8:$O$8,MATCH(L$12-$G$10,$F$6:$O$6,0)),0) -> 0.25365893 | M13: =IFERROR(INDEX($F$8:$O$8,MATCH(M$12-$G$10,$F$6:$O$6,0)),0) -> 0.27330095 | ... Z13: =IFERROR(INDEX($F$8:$O$8,MATCH(Z$12-$G$10,$F$6:$O$6,0)),0) -> 0
E15: Initial stock of homes: | G15: 100 | I15: Decadal growth rate of stock: | L15: 0.05
G34: Hummus Town House Demolitions, Using Candy Town Lifespan Distribution | AF34: Hummus Town House Stock, Using Candy Town Lifespan Distribution
B35: Stock | D35: Houses Built | G35: Year House Demolished & Rebuilt | AF35: Year House in Stock
B36: Total | C36: Change | D36: Cumulative | E36: Annual | F36: Year Built | G36: 2080 | H36: 2090 | I36: 2100 | J36: 2110 | K36: 2120 | L36: 2130 | M36: 2140 | N36: 2150 | O36: 2160 | P36: 2170 | Q36: 2180 | R36: 2190 | S36: 2200 | T36: 2210 | U36: 2220 | V36: 2230 | W36: 2240 | X36: 2250 | Y36: 2260 | Z36: 2270 | AA36: 2280 | AD36: # Built | AE36: Year Built | AF36: 2080 | AG36: 2090 | AH36: 2100 | AI36: 2110 | AJ36: 2120 | AK36: 2130 | AL36: 2140 | AM36: 2150 | AN36: 2160 | AO36: 2170 | AP36: 2180 | AQ36: 2190 | AR36: 2200 | AS36: 2210 | AT36: 2220 | AU36: 2230 | AV36: 2240 | AW36: 2250 | AX36: 2260 | AY36: 2270 | AZ36: 2280
B37: =G15 -> 100 | C37: 0 | D37: =E37 -> 100 | E37: =$G$15 -> 100 | F37: 2080 | G37: =IF(G$36>=$F37,$E37*INDEX($F$8:$Z$8,MATCH(G$67-$F37,$F$6:$Z$6,0)),0) -> 0 | H37: =IF(H$36>=$F37,$E37*INDEX($F$8:$Z$8,MATCH(H$67-$F37,$F$6:$Z$6,0)),0) -> 0 | I37: =IF(I$36>=$F37,$E37*INDEX($F$8:$Z$8,MATCH(I$67-$F37,$F$6:$Z$6,0)),0) -> 10.516068 | J37: =IF(J$36>=$F37,$E37*INDEX($F$8:$Z$8,MATCH(J$67-$F37,$F$6:$Z$6,0)),0) -> 25.365893 | K37: =IF(K$36>=$F37,$E37*INDEX($F$8:$Z$8,MATCH(K$67-$F37,$F$6:$Z$6,0)),0) -> 27.330095 | L37: =IF(L$36>=$F37,$E37*INDEX($F$8:$Z$8,MATCH(L$67-$F37,$F$6:$Z$6,0)),0) -> 19.886613 | M37: =IF(M$36>=$F37,$E37*INDEX($F$8:$Z$8,MATCH(M$67-$F37,$F$6:$Z$6,0)),0) -> 10.683679 | N37: =IF(N$36>=$F37,$E37*INDEX($F$8:$Z$8,MATCH(N$67-$F37,$F$6:$Z$6,0)),0) -> 4.3860885 | ... AA37: =IF(AA$36>=$F37,$E37*INDEX($F$8:$Z$8,MATCH(AA$67-$F37,$F$6:$Z$6,0)),0) -> 0 | AD37: {=E37:E57} -> 100 | AE37: 2080 | AF37: =IF(G$36>=$F37,$AD37-SUM($G37:G37),0) -> 100 | AG37: =IF(H$36>=$F37,$AD37-SUM($G37:H37),0) -> 100 | AH37: =IF(I$36>=$F37,$AD37-SUM($G37:I37),0) -> 89.483932 | AI37: =IF(J$36>=$F37,$AD37-SUM($G37:J37),0) -> 64.118039 | AJ37: =IF(K$36>=$F37,$AD37-SUM($G37:K37),0) -> 36.787944 | AK37: =IF(L$36>=$F37,$AD37-SUM($G37:L37),0) -> 16.901332 | AL37: =IF(M$36>=$F37,$AD37-SUM($G37:M37),0) -> 6.2176524 | AM37: =IF(N$36>=$F37,$AD37-SUM($G37:N37),0) -> 1.8315639 | ... AZ37: =IF(AA$36>=$F37,$AD37-SUM($G37:AA37),0) -> 1.4210855e-14
B38: =B37*(1+$L$15) -> 105 | C38: =B38-B37 -> 5 | D38: =D37+E38 -> 105 | E38: {=INDEX($G$58:$AA$58, 0, MATCH(F38,$G$36:$AA$36,0))+C38} -> 5 | F38: 2090 | G38: =IF(G$36>=$F38,$E38*INDEX($F$8:$Z$8,MATCH(G$67-$F38,$F$6:$Z$6,0)),0) -> 0 | H38: =IF(H$36>=$F38,$E38*INDEX($F$8:$Z$8,MATCH(H$67-$F38,$F$6:$Z$6,0)),0) -> 0 | I38: =IF(I$36>=$F38,$E38*INDEX($F$8:$Z$8,MATCH(I$67-$F38,$F$6:$Z$6,0)),0) -> 0 | J38: =IF(J$36>=$F38,$E38*INDEX($F$8:$Z$8,MATCH(J$67-$F38,$F$6:$Z$6,0)),0) -> 0.57523517 | K38: =IF(K$36>=$F38,$E38*INDEX($F$8:$Z$8,MATCH(K$67-$F38,$F$6:$Z$6,0)),0) -> 1.2892451 | L38: =IF(L$36>=$F38,$E38*INDEX($F$8:$Z$8,MATCH(L$67-$F38,$F$6:$Z$6,0)),0) -> 1.3561691 | M38: =IF(M$36>=$F38,$E38*INDEX($F$8:$Z$8,MATCH(M$67-$F38,$F$6:$Z$6,0)),0) -> 0.97051663 | N38: =IF(N$36>=$F38,$E38*INDEX($F$8:$Z$8,MATCH(N$67-$F38,$F$6:$Z$6,0)),0) -> 0.51403439 | ... AA38: =IF(AA$36>=$F38,$E38*INDEX($F$8:$Z$8,MATCH(AA$67-$F38,$F$6:$Z$6,0)),0) -> 0 | AD38: 5 | AE38: 2090 | AF38: =IF(G$36>=$F38,$AD38-SUM($G38:G38),0) -> 0 | AG38: =IF(H$36>=$F38,$AD38-SUM($G38:H38),0) -> 5 | AH38: =IF(I$36>=$F38,$AD38-SUM($G38:I38),0) -> 5 | AI38: =IF(J$36>=$F38,$AD38-SUM($G38:J38),0) -> 4.4247648 | AJ38: =IF(K$36>=$F38,$AD38-SUM($G38:K38),0) -> 3.1355198 | AK38: =IF(L$36>=$F38,$AD38-SUM($G38:L38),0) -> 1.7793507 | AL38: =IF(M$36>=$F38,$AD38-SUM($G38:M38),0) -> 0.80883405 | AM38: =IF(N$36>=$F38,$AD38-SUM($G38:N38),0) -> 0.29479966 | ... AZ38: =IF(AA$36>=$F38,$AD38-SUM($G38:AA38),0) -> 0.00088668249
B39: =B38*(1+$L$15) -> 110.25 | C39: =B39-B38 -> 5.25 | D39: =D38+E39 -> 121.7547 | E39: {=INDEX($G$58:$AA$58, 0, MATCH(F39,$G$36:$AA$36,0))+C39} -> 16.754703 | F39: 2100 | G39: =IF(G$36>=$F39,$E39*INDEX($F$8:$Z$8,MATCH(G$67-$F39,$F$6:$Z$6,0)),0) -> 0 | H39: =IF(H$36>=$F39,$E39*INDEX($F$8:$Z$8,MATCH(H$67-$F39,$F$6:$Z$6,0)),0) -> 0 | I39: =IF(I$36>=$F39,$E39*INDEX($F$8:$Z$8,MATCH(I$67-$F39,$F$6:$Z$6,0)),0) -> 0 | J39: =IF(J$36>=$F39,$E39*INDEX($F$8:$Z$8,MATCH(J$67-$F39,$F$6:$Z$6,0)),0) -> 0 | K39: =IF(K$36>=$F39,$E39*INDEX($F$8:$Z$8,MATCH(K$67-$F39,$F$6:$Z$6,0)),0) -> 1.9275789 | L39: =IF(L$36>=$F39,$E39*INDEX($F$8:$Z$8,MATCH(L$67-$F39,$F$6:$Z$6,0)),0) -> 4.3201837 | M39: =IF(M$36>=$F39,$E39*INDEX($F$8:$Z$8,MATCH(M$67-$F39,$F$6:$Z$6,0)),0) -> 4.5444421 | N39: =IF(N$36>=$F39,$E39*INDEX($F$8:$Z$8,MATCH(N$67-$F39,$F$6:$Z$6,0)),0) -> 3.2521437 | ... AA39: =IF(AA$36>=$F39,$E39*INDEX($F$8:$Z$8,MATCH(AA$67-$F39,$F$6:$Z$6,0)),0) -> 0 | AD39: 16.754703 | AE39: 2100 | AF39: =IF(G$36>=$F39,$AD39-SUM($G39:G39),0) -> 0 | AG39: =IF(H$36>=$F39,$AD39-SUM($G39:H39),0) -> 0 | AH39: =IF(I$36>=$F39,$AD39-SUM($G39:I39),0) -> 16.754703 | AI39: =IF(J$36>=$F39,$AD39-SUM($G39:J39),0) -> 16.754703 | AJ39: =IF(K$36>=$F39,$AD39-SUM($G39:K39),0) -> 14.827124 | AK39: =IF(L$36>=$F39,$AD39-SUM($G39:L39),0) -> 10.506941 | AL39: =IF(M$36>=$F39,$AD39-SUM($G39:M39),0) -> 5.9624986 | AM39: =IF(N$36>=$F39,$AD39-SUM($G39:N39),0) -> 2.7103549 | ... AZ39: =IF(AA$36>=$F39,$AD39-SUM($G39:AA39),0) -> 0.0029712204
B40: =B39*(1+$L$15) -> 115.7625 | C40: =B40-B39 -> 5.5125 | D40: =D39+E40 -> 153.62734 | E40: {=INDEX($G$58:$AA$58, 0, MATCH(F40,$G$36:$AA$36,0))+C40} -> 31.872636 | F40: 2110 | G40: =IF(G$36>=$F40,$E40*INDEX($F$8:$Z$8,MATCH(G$67-$F40,$F$6:$Z$6,0)),0) -> 0 | H40: =IF(H$36>=$F40,$E40*INDEX($F$8:$Z$8,MATCH(H$67-$F40,$F$6:$Z$6,0)),0) -> 0 | I40: =IF(I$36>=$F40,$E40*INDEX($F$8:$Z$8,MATCH(I$67-$F40,$F$6:$Z$6,0)),0) -> 0 | J40: =IF(J$36>=$F40,$E40*INDEX($F$8:$Z$8,MATCH(J$67-$F40,$F$6:$Z$6,0)),0) -> 0 | K40: =IF(K$36>=$F40,$E40*INDEX($F$8:$Z$8,MATCH(K$67-$F40,$F$6:$Z$6,0)),0) -> 0 | L40: =IF(L$36>=$F40,$E40*INDEX($F$8:$Z$8,MATCH(L$67-$F40,$F$6:$Z$6,0)),0) -> 3.6668523 | M40: =IF(M$36>=$F40,$E40*INDEX($F$8:$Z$8,MATCH(M$67-$F40,$F$6:$Z$6,0)),0) -> 8.2183278 | N40: =IF(N$36>=$F40,$E40*INDEX($F$8:$Z$8,MATCH(N$67-$F40,$F$6:$Z$6,0)),0) -> 8.6449368 | ... AA40: =IF(AA$36>=$F40,$E40*INDEX($F$8:$Z$8,MATCH(AA$67-$F40,$F$6:$Z$6,0)),0) -> 0 | AD40: 31.872636 | AE40: 2110 | AF40: =IF(G$36>=$F40,$AD40-SUM($G40:G40),0) -> 0 | AG40: =IF(H$36>=$F40,$AD40-SUM($G40:H40),0) -> 0 | AH40: =IF(I$36>=$F40,$AD40-SUM($G40:I40),0) -> 0 | AI40: =IF(J$36>=$F40,$AD40-SUM($G40:J40),0) -> 31.872636 | AJ40: =IF(K$36>=$F40,$AD40-SUM($G40:K40),0) -> 31.872636 | AK40: =IF(L$36>=$F40,$AD40-SUM($G40:L40),0) -> 28.205784 | AL40: =IF(M$36>=$F40,$AD40-SUM($G40:M40),0) -> 19.987456 | AM40: =IF(N$36>=$F40,$AD40-SUM($G40:N40),0) -> 11.342519 | ... AZ40: =IF(AA$36>=$F40,$AD40-SUM($G40:AA40),0) -> 0.0056521817
B41: =B40*(1+$L$15) -> 121.55063 | C41: =B41-B40 -> 5.788125 | D41: =D40+E41 -> 189.75567 | E41: {=INDEX($G$58:$AA$58, 0, MATCH(F41,$G$36:$AA$36,0))+C41} -> 36.128331 | F41: 2120 | G41: =IF(G$36>=$F41,$E41*INDEX($F$8:$Z$8,MATCH(G$67-$F41,$F$6:$Z$6,0)),0) -> 0 | H41: =IF(H$36>=$F41,$E41*INDEX($F$8:$Z$8,MATCH(H$67-$F41,$F$6:$Z$6,0)),0) -> 0 | I41: =IF(I$36>=$F41,$E41*INDEX($F$8:$Z$8,MATCH(I$67-$F41,$F$6:$Z$6,0)),0) -> 0 | J41: =IF(J$36>=$F41,$E41*INDEX($F$8:$Z$8,MATCH(J$67-$F41,$F$6:$Z$6,0)),0) -> 0 | K41: =IF(K$36>=$F41,$E41*INDEX($F$8:$Z$8,MATCH(K$67-$F41,$F$6:$Z$6,0)),0) -> 0 | L41: =IF(L$36>=$F41,$E41*INDEX($F$8:$Z$8,MATCH(L$67-$F41,$F$6:$Z$6,0)),0) -> 0 | M41: =IF(M$36>=$F41,$E41*INDEX($F$8:$Z$8,MATCH(M$67-$F41,$F$6:$Z$6,0)),0) -> 4.1564573 | N41: =IF(N$36>=$F41,$E41*INDEX($F$8:$Z$8,MATCH(N$67-$F41,$F$6:$Z$6,0)),0) -> 9.3156544 | ... AA41: =IF(AA$36>=$F41,$E41*INDEX($F$8:$Z$8,MATCH(AA$67-$F41,$F$6:$Z$6,0)),0) -> 0 | AD41: 36.128331 | AE41: 2120 | AF41: =IF(G$36>=$F41,$AD41-SUM($G41:G41),0) -> 0 | AG41: =IF(H$36>=$F41,$AD41-SUM($G41:H41),0) -> 0 | AH41: =IF(I$36>=$F41,$AD41-SUM($G41:I41),0) -> 0 | AI41: =IF(J$36>=$F41,$AD41-SUM($G41:J41),0) -> 0 | AJ41: =IF(K$36>=$F41,$AD41-SUM($G41:K41),0) -> 36.128331 | AK41: =IF(L$36>=$F41,$AD41-SUM($G41:L41),0) -> 36.128331 | AL41: =IF(M$36>=$F41,$AD41-SUM($G41:M41),0) -> 31.971873 | AM41: =IF(N$36>=$F41,$AD41-SUM($G41:N41),0) -> 22.656219 | ... AZ41: =IF(AA$36>=$F41,$AD41-SUM($G41:AA41),0) -> 0.0064068717
B42: =B41*(1+$L$15) -> 127.62816 | C42: =B42-B41 -> 6.0775313 | D42: =D41+E42 -> 224.58674 | E42: {=INDEX($G$58:$AA$58, 0, MATCH(F42,$G$36:$AA$36,0))+C42} -> 34.831069 | F42: 2130 | G42: =IF(G$36>=$F42,$E42*INDEX($F$8:$Z$8,MATCH(G$67-$F42,$F$6:$Z$6,0)),0) -> 0 | H42: =IF(H$36>=$F42,$E42*INDEX($F$8:$Z$8,MATCH(H$67-$F42,$F$6:$Z$6,0)),0) -> 0 | I42: =IF(I$36>=$F42,$E42*INDEX($F$8:$Z$8,MATCH(I$67-$F42,$F$6:$Z$6,0)),0) -> 0 | J42: =IF(J$36>=$F42,$E42*INDEX($F$8:$Z$8,MATCH(J$67-$F42,$F$6:$Z$6,0)),0) -> 0 | K42: =IF(K$36>=$F42,$E42*INDEX($F$8:$Z$8,MATCH(K$67-$F42,$F$6:$Z$6,0)),0) -> 0 | L42: =IF(L$36>=$F42,$E42*INDEX($F$8:$Z$8,MATCH(L$67-$F42,$F$6:$Z$6,0)),0) -> 0 | M42: =IF(M$36>=$F42,$E42*INDEX($F$8:$Z$8,MATCH(M$67-$F42,$F$6:$Z$6,0)),0) -> 0 | N42: =IF(N$36>=$F42,$E42*INDEX($F$8:$Z$8,MATCH(N$67-$F42,$F$6:$Z$6,0)),0) -> 4.0072112 | ... AA42: =IF(AA$36>=$F42,$E42*INDEX($F$8:$Z$8,MATCH(AA$67-$F42,$F$6:$Z$6,0)),0) -> 0 | AD42: 34.831069 | AE42: 2130 | AF42: =IF(G$36>=$F42,$AD42-SUM($G42:G42),0) -> 0 | AG42: =IF(H$36>=$F42,$AD42-SUM($G42:H42),0) -> 0 | AH42: =IF(I$36>=$F42,$AD42-SUM($G42:I42),0) -> 0 | AI42: =IF(J$36>=$F42,$AD42-SUM($G42:J42),0) -> 0 | AJ42: =IF(K$36>=$F42,$AD42-SUM($G42:K42),0) -> 0 | AK42: =IF(L$36>=$F42,$AD42-SUM($G42:L42),0) -> 34.831069 | AL42: =IF(M$36>=$F42,$AD42-SUM($G42:M42),0) -> 34.831069 | AM42: =IF(N$36>=$F42,$AD42-SUM($G42:N42),0) -> 30.823858 | ... AZ42: =IF(AA$36>=$F42,$AD42-SUM($G42:AA42),0) -> 0.0061768198
B43: =B42*(1+$L$15) -> 134.00956 | C43: =B43-B42 -> 6.3814078 | D43: =D42+E43 -> 259.13858 | E43: {=INDEX($G$58:$AA$58, 0, MATCH(F43,$G$36:$AA$36,0))+C43} -> 34.55184 | F43: 2140 | G43: =IF(G$36>=$F43,$E43*INDEX($F$8:$Z$8,MATCH(G$67-$F43,$F$6:$Z$6,0)),0) -> 0 | H43: =IF(H$36>=$F43,$E43*INDEX($F$8:$Z$8,MATCH(H$67-$F43,$F$6:$Z$6,0)),0) -> 0 | I43: =IF(I$36>=$F43,$E43*INDEX($F$8:$Z$8,MATCH(I$67-$F43,$F$6:$Z$6,0)),0) -> 0 | J43: =IF(J$36>=$F43,$E43*INDEX($F$8:$Z$8,MATCH(J$67-$F43,$F$6:$Z$6,0)),0) -> 0 | K43: =IF(K$36>=$F43,$E43*INDEX($F$8:$Z$8,MATCH(K$67-$F43,$F$6:$Z$6,0)),0) -> 0 | L43: =IF(L$36>=$F43,$E43*INDEX($F$8:$Z$8,MATCH(L$67-$F43,$F$6:$Z$6,0)),0) -> 0 | M43: =IF(M$36>=$F43,$E43*INDEX($F$8:$Z$8,MATCH(M$67-$F43,$F$6:$Z$6,0)),0) -> 0 | N43: =IF(N$36>=$F43,$E43*INDEX($F$8:$Z$8,MATCH(N$67-$F43,$F$6:$Z$6,0)),0) -> 0 | ... AA43: =IF(AA$36>=$F43,$E43*INDEX($F$8:$Z$8,MATCH(AA$67-$F43,$F$6:$Z$6,0)),0) -> 0 | AD43: 34.55184 | AE43: 2140 | AF43: =IF(G$36>=$F43,$AD43-SUM($G43:G43),0) -> 0 | AG43: =IF(H$36>=$F43,$AD43-SUM($G43:H43),0) -> 0 | AH43: =IF(I$36>=$F43,$AD43-SUM($G43:I43),0) -> 0 | AI43: =IF(J$36>=$F43,$AD43-SUM($G43:J43),0) -> 0 | AJ43: =IF(K$36>=$F43,$AD43-SUM($G43:K43),0) -> 0 | AK43: =IF(L$36>=$F43,$AD43-SUM($G43:L43),0) -> 0 | AL43: =IF(M$36>=$F43,$AD43-SUM($G43:M43),0) -> 34.55184 | AM43: =IF(N$36>=$F43,$AD43-SUM($G43:N43),0) -> 34.55184 | ... AZ43: =IF(AA$36>=$F43,$AD43-SUM($G43:AA43),0) -> 0.0061273022
B44: =B43*(1+$L$15) -> 140.71004 | C44: =B44-B43 -> 6.7004782 | D44: =D43+E44 -> 295.73868 | E44: {=INDEX($G$58:$AA$58, 0, MATCH(F44,$G$36:$AA$36,0))+C44} -> 36.600098 | F44: 2150 | G44: =IF(G$36>=$F44,$E44*INDEX($F$8:$Z$8,MATCH(G$67-$F44,$F$6:$Z$6,0)),0) -> 0 | H44: =IF(H$36>=$F44,$E44*INDEX($F$8:$Z$8,MATCH(H$67-$F44,$F$6:$Z$6,0)),0) -> 0 | I44: =IF(I$36>=$F44,$E44*INDEX($F$8:$Z$8,MATCH(I$67-$F44,$F$6:$Z$6,0)),0) -> 0 | J44: =IF(J$36>=$F44,$E44*INDEX($F$8:$Z$8,MATCH(J$67-$F44,$F$6:$Z$6,0)),0) -> 0 | K44: =IF(K$36>=$F44,$E44*INDEX($F$8:$Z$8,MATCH(K$67-$F44,$F$6:$Z$6,0)),0) -> 0 | L44: =IF(L$36>=$F44,$E44*INDEX($F$8:$Z$8,MATCH(L$67-$F44,$F$6:$Z$6,0)),0) -> 0 | M44: =IF(M$36>=$F44,$E44*INDEX($F$8:$Z$8,MATCH(M$67-$F44,$F$6:$Z$6,0)),0) -> 0 | N44: =IF(N$36>=$F44,$E44*INDEX($F$8:$Z$8,MATCH(N$67-$F44,$F$6:$Z$6,0)),0) -> 0 | ... AA44: =IF(AA$36>=$F44,$E44*INDEX($F$8:$Z$8,MATCH(AA$67-$F44,$F$6:$Z$6,0)),0) -> 0 | AD44: 36.600098 | AE44: 2150 | AF44: =IF(G$36>=$F44,$AD44-SUM($G44:G44),0) -> 0 | AG44: =IF(H$36>=$F44,$AD44-SUM($G44:H44),0) -> 0 | AH44: =IF(I$36>=$F44,$AD44-SUM($G44:I44),0) -> 0 | AI44: =IF(J$36>=$F44,$AD44-SUM($G44:J44),0) -> 0 | AJ44: =IF(K$36>=$F44,$AD44-SUM($G44:K44),0) -> 0 | AK44: =IF(L$36>=$F44,$AD44-SUM($G44:L44),0) -> 0 | AL44: =IF(M$36>=$F44,$AD44-SUM($G44:M44),0) -> 0 | AM44: =IF(N$36>=$F44,$AD44-SUM($G44:N44),0) -> 36.600098 | ... AZ44: =IF(AA$36>=$F44,$AD44-SUM($G44:AA44),0) -> 0.0064905331
B45: =B44*(1+$L$15) -> 147.74554 | C45: =B45-B44 -> 7.0355021 | D45: =D44+E45 -> 334.95963 | E45: {=INDEX($G$58:$AA$58, 0, MATCH(F45,$G$36:$AA$36,0))+C45} -> 39.220957 | F45: 2160 | G45: =IF(G$36>=$F45,$E45*INDEX($F$8:$Z$8,MATCH(G$67-$F45,$F$6:$Z$6,0)),0) -> 0 | H45: =IF(H$36>=$F45,$E45*INDEX($F$8:$Z$8,MATCH(H$67-$F45,$F$6:$Z$6,0)),0) -> 0 | I45: =IF(I$36>=$F45,$E45*INDEX($F$8:$Z$8,MATCH(I$67-$F45,$F$6:$Z$6,0)),0) -> 0 | J45: =IF(J$36>=$F45,$E45*INDEX($F$8:$Z$8,MATCH(J$67-$F45,$F$6:$Z$6,0)),0) -> 0 | K45: =IF(K$36>=$F45,$E45*INDEX($F$8:$Z$8,MATCH(K$67-$F45,$F$6:$Z$6,0)),0) -> 0 | L45: =IF(L$36>=$F45,$E45*INDEX($F$8:$Z$8,MATCH(L$67-$F45,$F$6:$Z$6,0)),0) -> 0 | M45: =IF(M$36>=$F45,$E45*INDEX($F$8:$Z$8,MATCH(M$67-$F45,$F$6:$Z$6,0)),0) -> 0 | N45: =IF(N$36>=$F45,$E45*INDEX($F$8:$Z$8,MATCH(N$67-$F45,$F$6:$Z$6,0)),0) -> 0 | ... AA45: =IF(AA$36>=$F45,$E45*INDEX($F$8:$Z$8,MATCH(AA$67-$F45,$F$6:$Z$6,0)),0) -> 0 | AD45: 39.220957 | AE45: 2160 | AF45: =IF(G$36>=$F45,$AD45-SUM($G45:G45),0) -> 0 | AG45: =IF(H$36>=$F45,$AD45-SUM($G45:H45),0) -> 0 | AH45: =IF(I$36>=$F45,$AD45-SUM($G45:I45),0) -> 0 | AI45: =IF(J$36>=$F45,$AD45-SUM($G45:J45),0) -> 0 | AJ45: =IF(K$36>=$F45,$AD45-SUM($G45:K45),0) -> 0 | AK45: =IF(L$36>=$F45,$AD45-SUM($G45:L45),0) -> 0 | AL45: =IF(M$36>=$F45,$AD45-SUM($G45:M45),0) -> 0 | AM45: =IF(N$36>=$F45,$AD45-SUM($G45:N45),0) -> 0 | ... AZ45: =IF(AA$36>=$F45,$AD45-SUM($G45:AA45),0) -> 0.0069553071
B46: =B45*(1+$L$15) -> 155.13282 | C46: =B46-B45 -> 7.3872772 | D46: =D45+E46 -> 376.36709 | E46: {=INDEX($G$58:$AA$58, 0, MATCH(F46,$G$36:$AA$36,0))+C46} -> 41.407458 | F46: 2170 | G46: =IF(G$36>=$F46,$E46*INDEX($F$8:$Z$8,MATCH(G$67-$F46,$F$6:$Z$6,0)),0) -> 0 | H46: =IF(H$36>=$F46,$E46*INDEX($F$8:$Z$8,MATCH(H$67-$F46,$F$6:$Z$6,0)),0) -> 0 | I46: =IF(I$36>=$F46,$E46*INDEX($F$8:$Z$8,MATCH(I$67-$F46,$F$6:$Z$6,0)),0) -> 0 | J46: =IF(J$36>=$F46,$E46*INDEX($F$8:$Z$8,MATCH(J$67-$F46,$F$6:$Z$6,0)),0) -> 0 | K46: =IF(K$36>=$F46,$E46*INDEX($F$8:$Z$8,MATCH(K$67-$F46,$F$6:$Z$6,0)),0) -> 0 | L46: =IF(L$36>=$F46,$E46*INDEX($F$8:$Z$8,MATCH(L$67-$F46,$F$6:$Z$6,0)),0) -> 0 | M46: =IF(M$36>=$F46,$E46*INDEX($F$8:$Z$8,MATCH(M$67-$F46,$F$6:$Z$6,0)),0) -> 0 | N46: =IF(N$36>=$F46,$E46*INDEX($F$8:$Z$8,MATCH(N$67-$F46,$F$6:$Z$6,0)),0) -> 0 | ... AA46: =IF(AA$36>=$F46,$E46*INDEX($F$8:$Z$8,MATCH(AA$67-$F46,$F$6:$Z$6,0)),0) -> 0 | AD46: 41.407458 | AE46: 2170 | AF46: =IF(G$36>=$F46,$AD46-SUM($G46:G46),0) -> 0 | AG46: =IF(H$36>=$F46,$AD46-SUM($G46:H46),0) -> 0 | AH46: =IF(I$36>=$F46,$AD46-SUM($G46:I46),0) -> 0 | AI46: =IF(J$36>=$F46,$AD46-SUM($G46:J46),0) -> 0 | AJ46: =IF(K$36>=$F46,$AD46-SUM($G46:K46),0) -> 0 | AK46: =IF(L$36>=$F46,$AD46-SUM($G46:L46),0) -> 0 | AL46: =IF(M$36>=$F46,$AD46-SUM($G46:M46),0) -> 0 | AM46: =IF(N$36>=$F46,$AD46-SUM($G46:N46),0) -> 0 | ... AZ46: =IF(AA$36>=$F46,$AD46-SUM($G46:AA46),0) -> 0.0073430537
B47: =B46*(1+$L$15) -> 162.88946 | C47: =B47-B46 -> 7.7566411 | D47: =D46+E47 -> 419.48761 | E47: {=INDEX($G$58:$AA$58, 0, MATCH(F47,$G$36:$AA$36,0))+C47} -> 43.120514 | F47: 2180 | G47: =IF(G$36>=$F47,$E47*INDEX($F$8:$Z$8,MATCH(G$67-$F47,$F$6:$Z$6,0)),0) -> 0 | H47: =IF(H$36>=$F47,$E47*INDEX($F$8:$Z$8,MATCH(H$67-$F47,$F$6:$Z$6,0)),0) -> 0 | I47: =IF(I$36>=$F47,$E47*INDEX($F$8:$Z$8,MATCH(I$67-$F47,$F$6:$Z$6,0)),0) -> 0 | J47: =IF(J$36>=$F47,$E47*INDEX($F$8:$Z$8,MATCH(J$67-$F47,$F$6:$Z$6,0)),0) -> 0 | K47: =IF(K$36>=$F47,$E47*INDEX($F$8:$Z$8,MATCH(K$67-$F47,$F$6:$Z$6,0)),0) -> 0 | L47: =IF(L$36>=$F47,$E47*INDEX($F$8:$Z$8,MATCH(L$67-$F47,$F$6:$Z$6,0)),0) -> 0 | M47: =IF(M$36>=$F47,$E47*INDEX($F$8:$Z$8,MATCH(M$67-$F47,$F$6:$Z$6,0)),0) -> 0 | N47: =IF(N$36>=$F47,$E47*INDEX($F$8:$Z$8,MATCH(N$67-$F47,$F$6:$Z$6,0)),0) -> 0 | ... AA47: =IF(AA$36>=$F47,$E47*INDEX($F$8:$Z$8,MATCH(AA$67-$F47,$F$6:$Z$6,0)),0) -> 0 | AD47: 43.120514 | AE47: 2180 | AF47: =IF(G$36>=$F47,$AD47-SUM($G47:G47),0) -> 0 | AG47: =IF(H$36>=$F47,$AD47-SUM($G47:H47),0) -> 0 | AH47: =IF(I$36>=$F47,$AD47-SUM($G47:I47),0) -> 0 | AI47: =IF(J$36>=$F47,$AD47-SUM($G47:J47),0) -> 0 | AJ47: =IF(K$36>=$F47,$AD47-SUM($G47:K47),0) -> 0 | AK47: =IF(L$36>=$F47,$AD47-SUM($G47:L47),0) -> 0 | AL47: =IF(M$36>=$F47,$AD47-SUM($G47:M47),0) -> 0 | AM47: =IF(N$36>=$F47,$AD47-SUM($G47:N47),0) -> 0 | ... AZ47: =IF(AA$36>=$F47,$AD47-SUM($G47:AA47),0) -> 0.007646841
B48: =B47*(1+$L$15) -> 171.03394 | C48: =B48-B47 -> 8.1444731 | D48: =D47+E48 -> 464.71401 | E48: {=INDEX($G$58:$AA$58, 0, MATCH(F48,$G$36:$AA$36,0))+C48} -> 45.226409 | F48: 2190 | G48: =IF(G$36>=$F48,$E48*INDEX($F$8:$Z$8,MATCH(G$67-$F48,$F$6:$Z$6,0)),0) -> 0 | H48: =IF(H$36>=$F48,$E48*INDEX($F$8:$Z$8,MATCH(H$67-$F48,$F$6:$Z$6,0)),0) -> 0 | I48: =IF(I$36>=$F48,$E48*INDEX($F$8:$Z$8,MATCH(I$67-$F48,$F$6:$Z$6,0)),0) -> 0 | J48: =IF(J$36>=$F48,$E48*INDEX($F$8:$Z$8,MATCH(J$67-$F48,$F$6:$Z$6,0)),0) -> 0 | K48: =IF(K$36>=$F48,$E48*INDEX($F$8:$Z$8,MATCH(K$67-$F48,$F$6:$Z$6,0)),0) -> 0 | L48: =IF(L$36>=$F48,$E48*INDEX($F$8:$Z$8,MATCH(L$67-$F48,$F$6:$Z$6,0)),0) -> 0 | M48: =IF(M$36>=$F48,$E48*INDEX($F$8:$Z$8,MATCH(M$67-$F48,$F$6:$Z$6,0)),0) -> 0 | N48: =IF(N$36>=$F48,$E48*INDEX($F$8:$Z$8,MATCH(N$67-$F48,$F$6:$Z$6,0)),0) -> 0 | ... AA48: =IF(AA$36>=$F48,$E48*INDEX($F$8:$Z$8,MATCH(AA$67-$F48,$F$6:$Z$6,0)),0) -> 0.18090564 | AD48: 45.226409 | AE48: 2190 | AF48: =IF(G$36>=$F48,$AD48-SUM($G48:G48),0) -> 0 | AG48: =IF(H$36>=$F48,$AD48-SUM($G48:H48),0) -> 0 | AH48: =IF(I$36>=$F48,$AD48-SUM($G48:I48),0) -> 0 | AI48: =IF(J$36>=$F48,$AD48-SUM($G48:J48),0) -> 0 | AJ48: =IF(K$36>=$F48,$AD48-SUM($G48:K48),0) -> 0 | AK48: =IF(L$36>=$F48,$AD48-SUM($G48:L48),0) -> 0 | AL48: =IF(M$36>=$F48,$AD48-SUM($G48:M48),0) -> 0 | AM48: =IF(N$36>=$F48,$AD48-SUM($G48:N48),0) -> 0 | ... AZ48: =IF(AA$36>=$F48,$AD48-SUM($G48:AA48),0) -> 0.0080202931
B49: =B48*(1+$L$15) -> 179.58563 | C49: =B49-B48 -> 8.5516968 | D49: =D48+E49 -> 512.25054 | E49: {=INDEX($G$58:$AA$58, 0, MATCH(F49,$G$36:$AA$36,0))+C49} -> 47.536528 | F49: 2200 | G49: =IF(G$36>=$F49,$E49*INDEX($F$8:$Z$8,MATCH(G$67-$F49,$F$6:$Z$6,0)),0) -> 0 | H49: =IF(H$36>=$F49,$E49*INDEX($F$8:$Z$8,MATCH(H$67-$F49,$F$6:$Z$6,0)),0) -> 0 | I49: =IF(I$36>=$F49,$E49*INDEX($F$8:$Z$8,MATCH(I$67-$F49,$F$6:$Z$6,0)),0) -> 0 | J49: =IF(J$36>=$F49,$E49*INDEX($F$8:$Z$8,MATCH(J$67-$F49,$F$6:$Z$6,0)),0) -> 0 | K49: =IF(K$36>=$F49,$E49*INDEX($F$8:$Z$8,MATCH(K$67-$F49,$F$6:$Z$6,0)),0) -> 0 | L49: =IF(L$36>=$F49,$E49*INDEX($F$8:$Z$8,MATCH(L$67-$F49,$F$6:$Z$6,0)),0) -> 0 | M49: =IF(M$36>=$F49,$E49*INDEX($F$8:$Z$8,MATCH(M$67-$F49,$F$6:$Z$6,0)),0) -> 0 | N49: =IF(N$36>=$F49,$E49*INDEX($F$8:$Z$8,MATCH(N$67-$F49,$F$6:$Z$6,0)),0) -> 0 | ... AA49: =IF(AA$36>=$F49,$E49*INDEX($F$8:$Z$8,MATCH(AA$67-$F49,$F$6:$Z$6,0)),0) -> 0.62397425 | AD49: 47.536528 | AE49: 2200 | AF49: =IF(G$36>=$F49,$AD49-SUM($G49:G49),0) -> 0 | AG49: =IF(H$36>=$F49,$AD49-SUM($G49:H49),0) -> 0 | AH49: =IF(I$36>=$F49,$AD49-SUM($G49:I49),0) -> 0 | AI49: =IF(J$36>=$F49,$AD49-SUM($G49:J49),0) -> 0 | AJ49: =IF(K$36>=$F49,$AD49-SUM($G49:K49),0) -> 0 | AK49: =IF(L$36>=$F49,$AD49-SUM($G49:L49),0) -> 0 | AL49: =IF(M$36>=$F49,$AD49-SUM($G49:M49),0) -> 0 | AM49: =IF(N$36>=$F49,$AD49-SUM($G49:N49),0) -> 0 | ... AZ49: =IF(AA$36>=$F49,$AD49-SUM($G49:AA49),0) -> 0.19857608
... B57: =B56*(1+$L$15) -> 265.32977 | C57: =B57-B56 -> 12.634751 | D57: =D56+E57 -> 989.07025 | E57: {=INDEX($G$58:$AA$58, 0, MATCH(F57,$G$36:$AA$36,0))+C57} -> 70.254368 | F57: 2280 | G57: =IF(G$36>=$F57,$E57*INDEX($F$8:$Z$8,MATCH(G$67-$F57,$F$6:$Z$6,0)),0) -> 0 | H57: =IF(H$36>=$F57,$E57*INDEX($F$8:$Z$8,MATCH(H$67-$F57,$F$6:$Z$6,0)),0) -> 0 | I57: =IF(I$36>=$F57,$E57*INDEX($F$8:$Z$8,MATCH(I$67-$F57,$F$6:$Z$6,0)),0) -> 0 | J57: =IF(J$36>=$F57,$E57*INDEX($F$8:$Z$8,MATCH(J$67-$F57,$F$6:$Z$6,0)),0) -> 0 | K57: =IF(K$36>=$F57,$E57*INDEX($F$8:$Z$8,MATCH(K$67-$F57,$F$6:$Z$6,0)),0) -> 0 | L57: =IF(L$36>=$F57,$E57*INDEX($F$8:$Z$8,MATCH(L$67-$F57,$F$6:$Z$6,0)),0) -> 0 | M57: =IF(M$36>=$F57,$E57*INDEX($F$8:$Z$8,MATCH(M$67-$F57,$F$6:$Z$6,0)),0) -> 0 | N57: =IF(N$36>=$F57,$E57*INDEX($F$8:$Z$8,MATCH(N$67-$F57,$F$6:$Z$6,0)),0) -> 0 | ... AA57: =IF(AA$36>=$F57,$E57*INDEX($F$8:$Z$8,MATCH(AA$67-$F57,$F$6:$Z$6,0)),0) -> 0 | AD57: 70.254368 | AE57: 2280 | AF57: =IF(G$36>=$F57,$AD57-SUM($G57:G57),0) -> 0 | AG57: =IF(H$36>=$F57,$AD57-SUM($G57:H57),0) -> 0 | AH57: =IF(I$36>=$F57,$AD57-SUM($G57:I57),0) -> 0 | AI57: =IF(J$36>=$F57,$AD57-SUM($G57:J57),0) -> 0 | AJ57: =IF(K$36>=$F57,$AD57-SUM($G57:K57),0) -> 0 | AK57: =IF(L$36>=$F57,$AD57-SUM($G57:L57),0) -> 0 | AL57: =IF(M$36>=$F57,$AD57-SUM($G57:M57),0) -> 0 | AM57: =IF(N$36>=$F57,$AD57-SUM($G57:N57),0) -> 0 | ... AZ57: =IF(AA$36>=$F57,$AD57-SUM($G57:AA57),0) -> 70.254368
E58: =SUM(E36:E57) -> 989.07025 | F58: TOTAL | G58: =SUM(G37:G57) -> 0 | H58: =SUM(H37:H57) -> 0 | I58: =SUM(I37:I57) -> 11.504703 | J58: =SUM(J37:J57) -> 26.360136 | K58: =SUM(K37:K57) -> 30.340206 | L58: =SUM(L37:L57) -> 28.753538 | M58: =SUM(M37:M57) -> 28.170432 | N58: =SUM(N37:N57) -> 29.899619 | ... AA58: =SUM(AA37:AA57) -> 57.619617 | AD58: =SUM(AD36:AD57) -> 989.07025 | AE58: TOTAL | AF58: =SUM(AF37:AF57) -> 100 | AG58: =SUM(AG37:AG57) -> 105 | AH58: =SUM(AH37:AH57) -> 110.25 | AI58: =SUM(AI37:AI57) -> 115.7625 | AJ58: =SUM(AJ37:AJ57) -> 121.55063 | AK58: =SUM(AK37:AK57) -> 127.62816 | AL58: =SUM(AL37:AL57) -> 134.00956 | AM58: =SUM(AM37:AM57) -> 140.71004 | ... AZ58: =SUM(AZ37:AZ57) -> 265.32977
F59: Cumulative | G59: =G58 -> 0 | H59: =G59+H58 -> 0 | I59: =H59+I58 -> 11.504703 | J59: =I59+J58 -> 37.86484 | K59: =J59+K58 -> 68.205045 | L59: =K59+L58 -> 96.958583 | M59: =L59+M58 -> 125.12901 | N59: =M59+N58 -> 155.02863 | O59: =N59+O58 -> 187.21409 | ... AA59: =Z59+AA58 -> 723.74048
G65: Hummus Town House Demolitions, Using Hummus Town Lifespan Distribution | AF65: Hummus Town House Stock, Using Hummus Town Lifespan Distribution
B66: Not Built | D66: Houses Built | G66: Year House Demolished & Rebuilt | AF66: Year House in Stock
B67: Cumulative | C67: Annual | D67: Cumulative | E67: Annual | F67: Year Built | G67: 2080 | H67: 2090 | I67: 2100 | J67: 2110 | K67: 2120 | L67: 2130 | M67: 2140 | N67: 2150 | O67: 2160 | P67: 2170 | Q67: 2180 | R67: 2190 | S67: 2200 | T67: 2210 | U67: 2220 | V67: 2230 | W67: 2240 | X67: 2250 | Y67: 2260 | Z67: 2270 | AA67: 2280 | AD67: # Built | AE67: Year Built | AF67: 2080 | AG67: 2090 | AH67: 2100 | AI67: 2110 | AJ67: 2120 | AK67: 2130 | AL67: 2140 | AM67: 2150 | AN67: 2160 | AO67: 2170 | AP67: 2180 | AQ67: 2190 | AR67: 2200 | AS67: 2210 | AT67: 2220 | AU67: 2230 | AV67: 2240 | AW67: 2250 | AX67: 2260 | AY67: 2270 | AZ67: 2280
B68: =C68 -> 0 | C68: =E37-E68 -> 0 | D68: =E68 -> 100 | E68: =$G$15 -> 100 | F68: 2080 | G68: =IF(G$36>=$F68,$E68*INDEX($F$13:$Z$13,MATCH(G$67-$F68,$F$12:$Z$12,0)),0) -> 0 | H68: =IF(H$36>=$F68,$E68*INDEX($F$13:$Z$13,MATCH(H$67-$F68,$F$12:$Z$12,0)),0) -> 0 | I68: =IF(I$36>=$F68,$E68*INDEX($F$13:$Z$13,MATCH(I$67-$F68,$F$12:$Z$12,0)),0) -> 0 | J68: =IF(J$36>=$F68,$E68*INDEX($F$13:$Z$13,MATCH(J$67-$F68,$F$12:$Z$12,0)),0) -> 0 | K68: =IF(K$36>=$F68,$E68*INDEX($F$13:$Z$13,MATCH(K$67-$F68,$F$12:$Z$12,0)),0) -> 0 | L68: =IF(L$36>=$F68,$E68*INDEX($F$13:$Z$13,MATCH(L$67-$F68,$F$12:$Z$12,0)),0) -> 10.516068 | M68: =IF(M$36>=$F68,$E68*INDEX($F$13:$Z$13,MATCH(M$67-$F68,$F$12:$Z$12,0)),0) -> 25.365893 | N68: =IF(N$36>=$F68,$E68*INDEX($F$13:$Z$13,MATCH(N$67-$F68,$F$12:$Z$12,0)),0) -> 27.330095 | ... AA68: =IF(AA$36>=$F68,$E68*INDEX($F$13:$Z$13,MATCH(AA$67-$F68,$F$12:$Z$12,0)),0) -> 0 | AD68: {=E68:E88} -> 100 | AE68: 2080 | AF68: =IF(G$36>=$F68,$AD68-SUM($G68:G68),0) -> 100 | AG68: =IF(H$36>=$F68,$AD68-SUM($G68:H68),0) -> 100 | AH68: =IF(I$36>=$F68,$AD68-SUM($G68:I68),0) -> 100 | AI68: =IF(J$36>=$F68,$AD68-SUM($G68:J68),0) -> 100 | AJ68: =IF(K$36>=$F68,$AD68-SUM($G68:K68),0) -> 100 | AK68: =IF(L$36>=$F68,$AD68-SUM($G68:L68),0) -> 89.483932 | AL68: =IF(M$36>=$F68,$AD68-SUM($G68:M68),0) -> 64.118039 | AM68: =IF(N$36>=$F68,$AD68-SUM($G68:N68),0) -> 36.787944 | ... AZ68: =IF(AA$36>=$F68,$AD68-SUM($G68:AA68),0) -> 0.081598784
B69: =B68+C69 -> 0 | C69: =E38-E69 -> 0 | D69: =D68+E69 -> 105 | E69: {=INDEX($G$89:$AA$89, 0, MATCH(F69,$G$67:$AA$67,0))+C38} -> 5 | F69: 2090 | G69: =IF(G$36>=$F69,$E69*INDEX($F$13:$Z$13,MATCH(G$67-$F69,$F$12:$Z$12,0)),0) -> 0 | H69: =IF(H$36>=$F69,$E69*INDEX($F$13:$Z$13,MATCH(H$67-$F69,$F$12:$Z$12,0)),0) -> 0 | I69: =IF(I$36>=$F69,$E69*INDEX($F$13:$Z$13,MATCH(I$67-$F69,$F$12:$Z$12,0)),0) -> 0 | J69: =IF(J$36>=$F69,$E69*INDEX($F$13:$Z$13,MATCH(J$67-$F69,$F$12:$Z$12,0)),0) -> 0 | K69: =IF(K$36>=$F69,$E69*INDEX($F$13:$Z$13,MATCH(K$67-$F69,$F$12:$Z$12,0)),0) -> 0 | L69: =IF(L$36>=$F69,$E69*INDEX($F$13:$Z$13,MATCH(L$67-$F69,$F$12:$Z$12,0)),0) -> 0 | M69: =IF(M$36>=$F69,$E69*INDEX($F$13:$Z$13,MATCH(M$67-$F69,$F$12:$Z$12,0)),0) -> 0.57523517 | N69: =IF(N$36>=$F69,$E69*INDEX($F$13:$Z$13,MATCH(N$67-$F69,$F$12:$Z$12,0)),0) -> 1.2892451 | ... AA69: =IF(AA$36>=$F69,$E69*INDEX($F$13:$Z$13,MATCH(AA$67-$F69,$F$12:$Z$12,0)),0) -> 0 | AD69: 5 | AE69: 2090 | AF69: =IF(G$36>=$F69,$AD69-SUM($G69:G69),0) -> 0 | AG69: =IF(H$36>=$F69,$AD69-SUM($G69:H69),0) -> 5 | AH69: =IF(I$36>=$F69,$AD69-SUM($G69:I69),0) -> 5 | AI69: =IF(J$36>=$F69,$AD69-SUM($G69:J69),0) -> 5 | AJ69: =IF(K$36>=$F69,$AD69-SUM($G69:K69),0) -> 5 | AK69: =IF(L$36>=$F69,$AD69-SUM($G69:L69),0) -> 5 | AL69: =IF(M$36>=$F69,$AD69-SUM($G69:M69),0) -> 4.4247648 | AM69: =IF(N$36>=$F69,$AD69-SUM($G69:N69),0) -> 3.1355198 | ... AZ69: =IF(AA$36>=$F69,$AD69-SUM($G69:AA69),0) -> 0.00088668249
B70: =B69+C70 -> 11.504703 | C70: =E39-E70 -> 11.504703 | D70: =D69+E70 -> 110.25 | E70: {=INDEX($G$89:$AA$89, 0, MATCH(F70,$G$67:$AA$67,0))+C39} -> 5.25 | F70: 2100 | G70: =IF(G$36>=$F70,$E70*INDEX($F$13:$Z$13,MATCH(G$67-$F70,$F$12:$Z$12,0)),0) -> 0 | H70: =IF(H$36>=$F70,$E70*INDEX($F$13:$Z$13,MATCH(H$67-$F70,$F$12:$Z$12,0)),0) -> 0 | I70: =IF(I$36>=$F70,$E70*INDEX($F$13:$Z$13,MATCH(I$67-$F70,$F$12:$Z$12,0)),0) -> 0 | J70: =IF(J$36>=$F70,$E70*INDEX($F$13:$Z$13,MATCH(J$67-$F70,$F$12:$Z$12,0)),0) -> 0 | K70: =IF(K$36>=$F70,$E70*INDEX($F$13:$Z$13,MATCH(K$67-$F70,$F$12:$Z$12,0)),0) -> 0 | L70: =IF(L$36>=$F70,$E70*INDEX($F$13:$Z$13,MATCH(L$67-$F70,$F$12:$Z$12,0)),0) -> 0 | M70: =IF(M$36>=$F70,$E70*INDEX($F$13:$Z$13,MATCH(M$67-$F70,$F$12:$Z$12,0)),0) -> 0 | N70: =IF(N$36>=$F70,$E70*INDEX($F$13:$Z$13,MATCH(N$67-$F70,$F$12:$Z$12,0)),0) -> 0.60399693 | ... AA70: =IF(AA$36>=$F70,$E70*INDEX($F$13:$Z$13,MATCH(AA$67-$F70,$F$12:$Z$12,0)),0) -> 0 | AD70: 5.25 | AE70: 2100 | AF70: =IF(G$36>=$F70,$AD70-SUM($G70:G70),0) -> 0 | AG70: =IF(H$36>=$F70,$AD70-SUM($G70:H70),0) -> 0 | AH70: =IF(I$36>=$F70,$AD70-SUM($G70:I70),0) -> 5.25 | AI70: =IF(J$36>=$F70,$AD70-SUM($G70:J70),0) -> 5.25 | AJ70: =IF(K$36>=$F70,$AD70-SUM($G70:K70),0) -> 5.25 | AK70: =IF(L$36>=$F70,$AD70-SUM($G70:L70),0) -> 5.25 | AL70: =IF(M$36>=$F70,$AD70-SUM($G70:M70),0) -> 5.25 | AM70: =IF(N$36>=$F70,$AD70-SUM($G70:N70),0) -> 4.6460031 | ... AZ70: =IF(AA$36>=$F70,$AD70-SUM($G70:AA70),0) -> 0.00093101662
B71: =B70+C71 -> 37.86484 | C71: =E40-E71 -> 26.360136 | D71: =D70+E71 -> 115.7625 | E71: {=INDEX($G$89:$AA$89, 0, MATCH(F71,$G$67:$AA$67,0))+C40} -> 5.5125 | F71: 2110 | G71: =IF(G$36>=$F71,$E71*INDEX($F$13:$Z$13,MATCH(G$67-$F71,$F$12:$Z$12,0)),0) -> 0 | H71: =IF(H$36>=$F71,$E71*INDEX($F$13:$Z$13,MATCH(H$67-$F71,$F$12:$Z$12,0)),0) -> 0 | I71: =IF(I$36>=$F71,$E71*INDEX($F$13:$Z$13,MATCH(I$67-$F71,$F$12:$Z$12,0)),0) -> 0 | J71: =IF(J$36>=$F71,$E71*INDEX($F$13:$Z$13,MATCH(J$67-$F71,$F$12:$Z$12,0)),0) -> 0 | K71: =IF(K$36>=$F71,$E71*INDEX($F$13:$Z$13,MATCH(K$67-$F71,$F$12:$Z$12,0)),0) -> 0 | L71: =IF(L$36>=$F71,$E71*INDEX($F$13:$Z$13,MATCH(L$67-$F71,$F$12:$Z$12,0)),0) -> 0 | M71: =IF(M$36>=$F71,$E71*INDEX($F$13:$Z$13,MATCH(M$67-$F71,$F$12:$Z$12,0)),0) -> 0 | N71: =IF(N$36>=$F71,$E71*INDEX($F$13:$Z$13,MATCH(N$67-$F71,$F$12:$Z$12,0)),0) -> 0 | ... AA71: =IF(AA$36>=$F71,$E71*INDEX($F$13:$Z$13,MATCH(AA$67-$F71,$F$12:$Z$12,0)),0) -> 0 | AD71: 5.5125 | AE71: 2110 | AF71: =IF(G$36>=$F71,$AD71-SUM($G71:G71),0) -> 0 | AG71: =IF(H$36>=$F71,$AD71-SUM($G71:H71),0) -> 0 | AH71: =IF(I$36>=$F71,$AD71-SUM($G71:I71),0) -> 0 | AI71: =IF(J$36>=$F71,$AD71-SUM($G71:J71),0) -> 5.5125 | AJ71: =IF(K$36>=$F71,$AD71-SUM($G71:K71),0) -> 5.5125 | AK71: =IF(L$36>=$F71,$AD71-SUM($G71:L71),0) -> 5.5125 | AL71: =IF(M$36>=$F71,$AD71-SUM($G71:M71),0) -> 5.5125 | AM71: =IF(N$36>=$F71,$AD71-SUM($G71:N71),0) -> 5.5125 | ... AZ71: =IF(AA$36>=$F71,$AD71-SUM($G71:AA71),0) -> 0.00097756745
B72: =B71+C72 -> 68.205045 | C72: =E41-E72 -> 30.340206 | D72: =D71+E72 -> 121.55063 | E72: {=INDEX($G$89:$AA$89, 0, MATCH(F72,$G$67:$AA$67,0))+C41} -> 5.788125 | F72: 2120 | G72: =IF(G$36>=$F72,$E72*INDEX($F$13:$Z$13,MATCH(G$67-$F72,$F$12:$Z$12,0)),0) -> 0 | H72: =IF(H$36>=$F72,$E72*INDEX($F$13:$Z$13,MATCH(H$67-$F72,$F$12:$Z$12,0)),0) -> 0 | I72: =IF(I$36>=$F72,$E72*INDEX($F$13:$Z$13,MATCH(I$67-$F72,$F$12:$Z$12,0)),0) -> 0 | J72: =IF(J$36>=$F72,$E72*INDEX($F$13:$Z$13,MATCH(J$67-$F72,$F$12:$Z$12,0)),0) -> 0 | K72: =IF(K$36>=$F72,$E72*INDEX($F$13:$Z$13,MATCH(K$67-$F72,$F$12:$Z$12,0)),0) -> 0 | L72: =IF(L$36>=$F72,$E72*INDEX($F$13:$Z$13,MATCH(L$67-$F72,$F$12:$Z$12,0)),0) -> 0 | M72: =IF(M$36>=$F72,$E72*INDEX($F$13:$Z$13,MATCH(M$67-$F72,$F$12:$Z$12,0)),0) -> 0 | N72: =IF(N$36>=$F72,$E72*INDEX($F$13:$Z$13,MATCH(N$67-$F72,$F$12:$Z$12,0)),0) -> 0 | ... AA72: =IF(AA$36>=$F72,$E72*INDEX($F$13:$Z$13,MATCH(AA$67-$F72,$F$12:$Z$12,0)),0) -> 0 | AD72: 5.788125 | AE72: 2120 | AF72: =IF(G$36>=$F72,$AD72-SUM($G72:G72),0) -> 0 | AG72: =IF(H$36>=$F72,$AD72-SUM($G72:H72),0) -> 0 | AH72: =IF(I$36>=$F72,$AD72-SUM($G72:I72),0) -> 0 | AI72: =IF(J$36>=$F72,$AD72-SUM($G72:J72),0) -> 0 | AJ72: =IF(K$36>=$F72,$AD72-SUM($G72:K72),0) -> 5.788125 | AK72: =IF(L$36>=$F72,$AD72-SUM($G72:L72),0) -> 5.788125 | AL72: =IF(M$36>=$F72,$AD72-SUM($G72:M72),0) -> 5.788125 | AM72: =IF(N$36>=$F72,$AD72-SUM($G72:N72),0) -> 5.788125 | ... AZ72: =IF(AA$36>=$F72,$AD72-SUM($G72:AA72),0) -> 0.0010264458
B73: =B72+C73 -> 85.45388 | C73: =E42-E73 -> 17.248834 | D73: =D72+E73 -> 139.13286 | E73: {=INDEX($G$89:$AA$89, 0, MATCH(F73,$G$67:$AA$67,0))+C42} -> 17.582235 | F73: 2130 | G73: =IF(G$36>=$F73,$E73*INDEX($F$13:$Z$13,MATCH(G$67-$F73,$F$12:$Z$12,0)),0) -> 0 | H73: =IF(H$36>=$F73,$E73*INDEX($F$13:$Z$13,MATCH(H$67-$F73,$F$12:$Z$12,0)),0) -> 0 | I73: =IF(I$36>=$F73,$E73*INDEX($F$13:$Z$13,MATCH(I$67-$F73,$F$12:$Z$12,0)),0) -> 0 | J73: =IF(J$36>=$F73,$E73*INDEX($F$13:$Z$13,MATCH(J$67-$F73,$F$12:$Z$12,0)),0) -> 0 | K73: =IF(K$36>=$F73,$E73*INDEX($F$13:$Z$13,MATCH(K$67-$F73,$F$12:$Z$12,0)),0) -> 0 | L73: =IF(L$36>=$F73,$E73*INDEX($F$13:$Z$13,MATCH(L$67-$F73,$F$12:$Z$12,0)),0) -> 0 | M73: =IF(M$36>=$F73,$E73*INDEX($F$13:$Z$13,MATCH(M$67-$F73,$F$12:$Z$12,0)),0) -> 0 | N73: =IF(N$36>=$F73,$E73*INDEX($F$13:$Z$13,MATCH(N$67-$F73,$F$12:$Z$12,0)),0) -> 0 | ... AA73: =IF(AA$36>=$F73,$E73*INDEX($F$13:$Z$13,MATCH(AA$67-$F73,$F$12:$Z$12,0)),0) -> 0 | AD73: 17.582235 | AE73: 2130 | AF73: =IF(G$36>=$F73,$AD73-SUM($G73:G73),0) -> 0 | AG73: =IF(H$36>=$F73,$AD73-SUM($G73:H73),0) -> 0 | AH73: =IF(I$36>=$F73,$AD73-SUM($G73:I73),0) -> 0 | AI73: =IF(J$36>=$F73,$AD73-SUM($G73:J73),0) -> 0 | AJ73: =IF(K$36>=$F73,$AD73-SUM($G73:K73),0) -> 0 | AK73: =IF(L$36>=$F73,$AD73-SUM($G73:L73),0) -> 17.582235 | AL73: =IF(M$36>=$F73,$AD73-SUM($G73:M73),0) -> 17.582235 | AM73: =IF(N$36>=$F73,$AD73-SUM($G73:N73),0) -> 17.582235 | ... AZ73: =IF(AA$36>=$F73,$AD73-SUM($G73:AA73),0) -> 0.0031179719
B74: =B73+C74 -> 87.264175 | C74: =E43-E74 -> 1.8102954 | D74: =D73+E74 -> 171.8744 | E74: {=INDEX($G$89:$AA$89, 0, MATCH(F74,$G$67:$AA$67,0))+C43} -> 32.741544 | F74: 2140 | G74: =IF(G$36>=$F74,$E74*INDEX($F$13:$Z$13,MATCH(G$67-$F74,$F$12:$Z$12,0)),0) -> 0 | H74: =IF(H$36>=$F74,$E74*INDEX($F$13:$Z$13,MATCH(H$67-$F74,$F$12:$Z$12,0)),0) -> 0 | I74: =IF(I$36>=$F74,$E74*INDEX($F$13:$Z$13,MATCH(I$67-$F74,$F$12:$Z$12,0)),0) -> 0 | J74: =IF(J$36>=$F74,$E74*INDEX($F$13:$Z$13,MATCH(J$67-$F74,$F$12:$Z$12,0)),0) -> 0 | K74: =IF(K$36>=$F74,$E74*INDEX($F$13:$Z$13,MATCH(K$67-$F74,$F$12:$Z$12,0)),0) -> 0 | L74: =IF(L$36>=$F74,$E74*INDEX($F$13:$Z$13,MATCH(L$67-$F74,$F$12:$Z$12,0)),0) -> 0 | M74: =IF(M$36>=$F74,$E74*INDEX($F$13:$Z$13,MATCH(M$67-$F74,$F$12:$Z$12,0)),0) -> 0 | N74: =IF(N$36>=$F74,$E74*INDEX($F$13:$Z$13,MATCH(N$67-$F74,$F$12:$Z$12,0)),0) -> 0 | ... AA74: =IF(AA$36>=$F74,$E74*INDEX($F$13:$Z$13,MATCH(AA$67-$F74,$F$12:$Z$12,0)),0) -> 0 | AD74: 32.741544 | AE74: 2140 | AF74: =IF(G$36>=$F74,$AD74-SUM($G74:G74),0) -> 0 | AG74: =IF(H$36>=$F74,$AD74-SUM($G74:H74),0) -> 0 | AH74: =IF(I$36>=$F74,$AD74-SUM($G74:I74),0) -> 0 | AI74: =IF(J$36>=$F74,$AD74-SUM($G74:J74),0) -> 0 | AJ74: =IF(K$36>=$F74,$AD74-SUM($G74:K74),0) -> 0 | AK74: =IF(L$36>=$F74,$AD74-SUM($G74:L74),0) -> 0 | AL74: =IF(M$36>=$F74,$AD74-SUM($G74:M74),0) -> 32.741544 | AM74: =IF(N$36>=$F74,$AD74-SUM($G74:N74),0) -> 32.741544 | ... AZ74: =IF(AA$36>=$F74,$AD74-SUM($G74:AA74),0) -> 0.0058062708
B75: =B74+C75 -> 88.147171 | C75: =E44-E75 -> 0.88299562 | D75: =D74+E75 -> 207.59151 | E75: {=INDEX($G$89:$AA$89, 0, MATCH(F75,$G$67:$AA$67,0))+C44} -> 35.717102 | F75: 2150 | G75: =IF(G$36>=$F75,$E75*INDEX($F$13:$Z$13,MATCH(G$67-$F75,$F$12:$Z$12,0)),0) -> 0 | H75: =IF(H$36>=$F75,$E75*INDEX($F$13:$Z$13,MATCH(H$67-$F75,$F$12:$Z$12,0)),0) -> 0 | I75: =IF(I$36>=$F75,$E75*INDEX($F$13:$Z$13,MATCH(I$67-$F75,$F$12:$Z$12,0)),0) -> 0 | J75: =IF(J$36>=$F75,$E75*INDEX($F$13:$Z$13,MATCH(J$67-$F75,$F$12:$Z$12,0)),0) -> 0 | K75: =IF(K$36>=$F75,$E75*INDEX($F$13:$Z$13,MATCH(K$67-$F75,$F$12:$Z$12,0)),0) -> 0 | L75: =IF(L$36>=$F75,$E75*INDEX($F$13:$Z$13,MATCH(L$67-$F75,$F$12:$Z$12,0)),0) -> 0 | M75: =IF(M$36>=$F75,$E75*INDEX($F$13:$Z$13,MATCH(M$67-$F75,$F$12:$Z$12,0)),0) -> 0 | N75: =IF(N$36>=$F75,$E75*INDEX($F$13:$Z$13,MATCH(N$67-$F75,$F$12:$Z$12,0)),0) -> 0 | ... AA75: =IF(AA$36>=$F75,$E75*INDEX($F$13:$Z$13,MATCH(AA$67-$F75,$F$12:$Z$12,0)),0) -> 0 | AD75: 35.717102 | AE75: 2150 | AF75: =IF(G$36>=$F75,$AD75-SUM($G75:G75),0) -> 0 | AG75: =IF(H$36>=$F75,$AD75-SUM($G75:H75),0) -> 0 | AH75: =IF(I$36>=$F75,$AD75-SUM($G75:I75),0) -> 0 | AI75: =IF(J$36>=$F75,$AD75-SUM($G75:J75),0) -> 0 | AJ75: =IF(K$36>=$F75,$AD75-SUM($G75:K75),0) -> 0 | AK75: =IF(L$36>=$F75,$AD75-SUM($G75:L75),0) -> 0 | AL75: =IF(M$36>=$F75,$AD75-SUM($G75:M75),0) -> 0 | AM75: =IF(N$36>=$F75,$AD75-SUM($G75:N75),0) -> 35.717102 | ... AZ75: =IF(AA$36>=$F75,$AD75-SUM($G75:AA75),0) -> 0.0063339458
B76: =B75+C76 -> 97.578219 | C76: =E45-E76 -> 9.4310486 | D76: =D75+E76 -> 237.38141 | E76: {=INDEX($G$89:$AA$89, 0, MATCH(F76,$G$67:$AA$67,0))+C45} -> 29.789908 | F76: 2160 | G76: =IF(G$36>=$F76,$E76*INDEX($F$13:$Z$13,MATCH(G$67-$F76,$F$12:$Z$12,0)),0) -> 0 | H76: =IF(H$36>=$F76,$E76*INDEX($F$13:$Z$13,MATCH(H$67-$F76,$F$12:$Z$12,0)),0) -> 0 | I76: =IF(I$36>=$F76,$E76*INDEX($F$13:$Z$13,MATCH(I$67-$F76,$F$12:$Z$12,0)),0) -> 0 | J76: =IF(J$36>=$F76,$E76*INDEX($F$13:$Z$13,MATCH(J$67-$F76,$F$12:$Z$12,0)),0) -> 0 | K76: =IF(K$36>=$F76,$E76*INDEX($F$13:$Z$13,MATCH(K$67-$F76,$F$12:$Z$12,0)),0) -> 0 | L76: =IF(L$36>=$F76,$E76*INDEX($F$13:$Z$13,MATCH(L$67-$F76,$F$12:$Z$12,0)),0) -> 0 | M76: =IF(M$36>=$F76,$E76*INDEX($F$13:$Z$13,MATCH(M$67-$F76,$F$12:$Z$12,0)),0) -> 0 | N76: =IF(N$36>=$F76,$E76*INDEX($F$13:$Z$13,MATCH(N$67-$F76,$F$12:$Z$12,0)),0) -> 0 | ... AA76: =IF(AA$36>=$F76,$E76*INDEX($F$13:$Z$13,MATCH(AA$67-$F76,$F$12:$Z$12,0)),0) -> 0.11915963 | AD76: 29.789908 | AE76: 2160 | AF76: =IF(G$36>=$F76,$AD76-SUM($G76:G76),0) -> 0 | AG76: =IF(H$36>=$F76,$AD76-SUM($G76:H76),0) -> 0 | AH76: =IF(I$36>=$F76,$AD76-SUM($G76:I76),0) -> 0 | AI76: =IF(J$36>=$F76,$AD76-SUM($G76:J76),0) -> 0 | AJ76: =IF(K$36>=$F76,$AD76-SUM($G76:K76),0) -> 0 | AK76: =IF(L$36>=$F76,$AD76-SUM($G76:L76),0) -> 0 | AL76: =IF(M$36>=$F76,$AD76-SUM($G76:M76),0) -> 0 | AM76: =IF(N$36>=$F76,$AD76-SUM($G76:N76),0) -> 0 | ... AZ76: =IF(AA$36>=$F76,$AD76-SUM($G76:AA76),0) -> 0.005282838
B77: =B76+C77 -> 116.83592 | C77: =E46-E77 -> 19.2577 | D77: =D76+E77 -> 259.53117 | E77: {=INDEX($G$89:$AA$89, 0, MATCH(F77,$G$67:$AA$67,0))+C46} -> 22.149759 | F77: 2170 | G77: =IF(G$36>=$F77,$E77*INDEX($F$13:$Z$13,MATCH(G$67-$F77,$F$12:$Z$12,0)),0) -> 0 | H77: =IF(H$36>=$F77,$E77*INDEX($F$13:$Z$13,MATCH(H$67-$F77,$F$12:$Z$12,0)),0) -> 0 | I77: =IF(I$36>=$F77,$E77*INDEX($F$13:$Z$13,MATCH(I$67-$F77,$F$12:$Z$12,0)),0) -> 0 | J77: =IF(J$36>=$F77,$E77*INDEX($F$13:$Z$13,MATCH(J$67-$F77,$F$12:$Z$12,0)),0) -> 0 | K77: =IF(K$36>=$F77,$E77*INDEX($F$13:$Z$13,MATCH(K$67-$F77,$F$12:$Z$12,0)),0) -> 0 | L77: =IF(L$36>=$F77,$E77*INDEX($F$13:$Z$13,MATCH(L$67-$F77,$F$12:$Z$12,0)),0) -> 0 | M77: =IF(M$36>=$F77,$E77*INDEX($F$13:$Z$13,MATCH(M$67-$F77,$F$12:$Z$12,0)),0) -> 0 | N77: =IF(N$36>=$F77,$E77*INDEX($F$13:$Z$13,MATCH(N$67-$F77,$F$12:$Z$12,0)),0) -> 0 | ... AA77: =IF(AA$36>=$F77,$E77*INDEX($F$13:$Z$13,MATCH(AA$67-$F77,$F$12:$Z$12,0)),0) -> 0.29074229 | AD77: 22.149759 | AE77: 2170 | AF77: =IF(G$36>=$F77,$AD77-SUM($G77:G77),0) -> 0 | AG77: =IF(H$36>=$F77,$AD77-SUM($G77:H77),0) -> 0 | AH77: =IF(I$36>=$F77,$AD77-SUM($G77:I77),0) -> 0 | AI77: =IF(J$36>=$F77,$AD77-SUM($G77:J77),0) -> 0 | AJ77: =IF(K$36>=$F77,$AD77-SUM($G77:K77),0) -> 0 | AK77: =IF(L$36>=$F77,$AD77-SUM($G77:L77),0) -> 0 | AL77: =IF(M$36>=$F77,$AD77-SUM($G77:M77),0) -> 0 | AM77: =IF(N$36>=$F77,$AD77-SUM($G77:N77),0) -> 0 | ... AZ77: =IF(AA$36>=$F77,$AD77-SUM($G77:AA77),0) -> 0.092526995
B78: =B77+C78 -> 141.49065 | C78: =E47-E78 -> 24.654734 | D78: =D77+E78 -> 277.99695 | E78: {=INDEX($G$89:$AA$89, 0, MATCH(F78,$G$67:$AA$67,0))+C47} -> 18.46578 | F78: 2180 | G78: =IF(G$36>=$F78,$E78*INDEX($F$13:$Z$13,MATCH(G$67-$F78,$F$12:$Z$12,0)),0) -> 0 | H78: =IF(H$36>=$F78,$E78*INDEX($F$13:$Z$13,MATCH(H$67-$F78,$F$12:$Z$12,0)),0) -> 0 | I78: =IF(I$36>=$F78,$E78*INDEX($F$13:$Z$13,MATCH(I$67-$F78,$F$12:$Z$12,0)),0) -> 0 | J78: =IF(J$36>=$F78,$E78*INDEX($F$13:$Z$13,MATCH(J$67-$F78,$F$12:$Z$12,0)),0) -> 0 | K78: =IF(K$36>=$F78,$E78*INDEX($F$13:$Z$13,MATCH(K$67-$F78,$F$12:$Z$12,0)),0) -> 0 | L78: =IF(L$36>=$F78,$E78*INDEX($F$13:$Z$13,MATCH(L$67-$F78,$F$12:$Z$12,0)),0) -> 0 | M78: =IF(M$36>=$F78,$E78*INDEX($F$13:$Z$13,MATCH(M$67-$F78,$F$12:$Z$12,0)),0) -> 0 | N78: =IF(N$36>=$F78,$E78*INDEX($F$13:$Z$13,MATCH(N$67-$F78,$F$12:$Z$12,0)),0) -> 0 | ... AA78: =IF(AA$36>=$F78,$E78*INDEX($F$13:$Z$13,MATCH(AA$67-$F78,$F$12:$Z$12,0)),0) -> 0.76921771 | AD78: 18.46578 | AE78: 2180 | AF78: =IF(G$36>=$F78,$AD78-SUM($G78:G78),0) -> 0 | AG78: =IF(H$36>=$F78,$AD78-SUM($G78:H78),0) -> 0 | AH78: =IF(I$36>=$F78,$AD78-SUM($G78:I78),0) -> 0 | AI78: =IF(J$36>=$F78,$AD78-SUM($G78:J78),0) -> 0 | AJ78: =IF(K$36>=$F78,$AD78-SUM($G78:K78),0) -> 0 | AK78: =IF(L$36>=$F78,$AD78-SUM($G78:L78),0) -> 0 | AL78: =IF(M$36>=$F78,$AD78-SUM($G78:M78),0) -> 0 | AM78: =IF(N$36>=$F78,$AD78-SUM($G78:N78),0) -> 0 | ... AZ78: =IF(AA$36>=$F78,$AD78-SUM($G78:AA78),0) -> 0.3195234
B79: =B78+C79 -> 165.57164 | C79: =E48-E79 -> 24.080988 | D79: =D78+E79 -> 299.14237 | E79: {=INDEX($G$89:$AA$89, 0, MATCH(F79,$G$67:$AA$67,0))+C48} -> 21.145421 | F79: 2190 | G79: =IF(G$36>=$F79,$E79*INDEX($F$13:$Z$13,MATCH(G$67-$F79,$F$12:$Z$12,0)),0) -> 0 | H79: =IF(H$36>=$F79,$E79*INDEX($F$13:$Z$13,MATCH(H$67-$F79,$F$12:$Z$12,0)),0) -> 0 | I79: =IF(I$36>=$F79,$E79*INDEX($F$13:$Z$13,MATCH(I$67-$F79,$F$12:$Z$12,0)),0) -> 0 | J79: =IF(J$36>=$F79,$E79*INDEX($F$13:$Z$13,MATCH(J$67-$F79,$F$12:$Z$12,0)),0) -> 0 | K79: =IF(K$36>=$F79,$E79*INDEX($F$13:$Z$13,MATCH(K$67-$F79,$F$12:$Z$12,0)),0) -> 0 | L79: =IF(L$36>=$F79,$E79*INDEX($F$13:$Z$13,MATCH(L$67-$F79,$F$12:$Z$12,0)),0) -> 0 | M79: =IF(M$36>=$F79,$E79*INDEX($F$13:$Z$13,MATCH(M$67-$F79,$F$12:$Z$12,0)),0) -> 0 | N79: =IF(N$36>=$F79,$E79*INDEX($F$13:$Z$13,MATCH(N$67-$F79,$F$12:$Z$12,0)),0) -> 0 | ... AA79: =IF(AA$36>=$F79,$E79*INDEX($F$13:$Z$13,MATCH(AA$67-$F79,$F$12:$Z$12,0)),0) -> 2.1738947 | AD79: 21.145421 | AE79: 2190 | AF79: =IF(G$36>=$F79,$AD79-SUM($G79:G79),0) -> 0 | AG79: =IF(H$36>=$F79,$AD79-SUM($G79:H79),0) -> 0 | AH79: =IF(I$36>=$F79,$AD79-SUM($G79:I79),0) -> 0 | AI79: =IF(J$36>=$F79,$AD79-SUM($G79:J79),0) -> 0 | AJ79: =IF(K$36>=$F79,$AD79-SUM($G79:K79),0) -> 0 | AK79: =IF(L$36>=$F79,$AD79-SUM($G79:L79),0) -> 0 | AL79: =IF(M$36>=$F79,$AD79-SUM($G79:M79),0) -> 0 | AM79: =IF(N$36>=$F79,$AD79-SUM($G79:N79),0) -> 0 | ... AZ79: =IF(AA$36>=$F79,$AD79-SUM($G79:AA79),0) -> 1.2467326
B80: =B79+C80 -> 184.86151 | C80: =E49-E80 -> 19.289869 | D80: =D79+E80 -> 327.38903 | E80: {=INDEX($G$89:$AA$89, 0, MATCH(F80,$G$67:$AA$67,0))+C49} -> 28.246659 | F80: 2200 | G80: =IF(G$36>=$F80,$E80*INDEX($F$13:$Z$13,MATCH(G$67-$F80,$F$12:$Z$12,0)),0) -> 0 | H80: =IF(H$36>=$F80,$E80*INDEX($F$13:$Z$13,MATCH(H$67-$F80,$F$12:$Z$12,0)),0) -> 0 | I80: =IF(I$36>=$F80,$E80*INDEX($F$13:$Z$13,MATCH(I$67-$F80,$F$12:$Z$12,0)),0) -> 0 | J80: =IF(J$36>=$F80,$E80*INDEX($F$13:$Z$13,MATCH(J$67-$F80,$F$12:$Z$12,0)),0) -> 0 | K80: =IF(K$36>=$F80,$E80*INDEX($F$13:$Z$13,MATCH(K$67-$F80,$F$12:$Z$12,0)),0) -> 0 | L80: =IF(L$36>=$F80,$E80*INDEX($F$13:$Z$13,MATCH(L$67-$F80,$F$12:$Z$12,0)),0) -> 0 | M80: =IF(M$36>=$F80,$E80*INDEX($F$13:$Z$13,MATCH(M$67-$F80,$F$12:$Z$12,0)),0) -> 0 | N80: =IF(N$36>=$F80,$E80*INDEX($F$13:$Z$13,MATCH(N$67-$F80,$F$12:$Z$12,0)),0) -> 0 | ... AA80: =IF(AA$36>=$F80,$E80*INDEX($F$13:$Z$13,MATCH(AA$67-$F80,$F$12:$Z$12,0)),0) -> 5.4827705 | AD80: 28.246659 | AE80: 2200 | AF80: =IF(G$36>=$F80,$AD80-SUM($G80:G80),0) -> 0 | AG80: =IF(H$36>=$F80,$AD80-SUM($G80:H80),0) -> 0 | AH80: =IF(I$36>=$F80,$AD80-SUM($G80:I80),0) -> 0 | AI80: =IF(J$36>=$F80,$AD80-SUM($G80:J80),0) -> 0 | AJ80: =IF(K$36>=$F80,$AD80-SUM($G80:K80),0) -> 0 | AK80: =IF(L$36>=$F80,$AD80-SUM($G80:L80),0) -> 0 | AL80: =IF(M$36>=$F80,$AD80-SUM($G80:M80),0) -> 0 | AM80: =IF(N$36>=$F80,$AD80-SUM($G80:N80),0) -> 0 | ... AZ80: =IF(AA$36>=$F80,$AD80-SUM($G80:AA80),0) -> 4.569372
... B88: =B87+C88 -> 361.82927 | C88: =E57-E88 -> 25.330518 | D88: =D87+E88 -> 627.24097 | E88: {=INDEX($G$89:$AA$89, 0, MATCH(F88,$G$67:$AA$67,0))+C57} -> 44.92385 | F88: 2280 | G88: =IF(G$36>=$F88,$E88*INDEX($F$13:$Z$13,MATCH(G$67-$F88,$F$12:$Z$12,0)),0) -> 0 | H88: =IF(H$36>=$F88,$E88*INDEX($F$13:$Z$13,MATCH(H$67-$F88,$F$12:$Z$12,0)),0) -> 0 | I88: =IF(I$36>=$F88,$E88*INDEX($F$13:$Z$13,MATCH(I$67-$F88,$F$12:$Z$12,0)),0) -> 0 | J88: =IF(J$36>=$F88,$E88*INDEX($F$13:$Z$13,MATCH(J$67-$F88,$F$12:$Z$12,0)),0) -> 0 | K88: =IF(K$36>=$F88,$E88*INDEX($F$13:$Z$13,MATCH(K$67-$F88,$F$12:$Z$12,0)),0) -> 0 | L88: =IF(L$36>=$F88,$E88*INDEX($F$13:$Z$13,MATCH(L$67-$F88,$F$12:$Z$12,0)),0) -> 0 | M88: =IF(M$36>=$F88,$E88*INDEX($F$13:$Z$13,MATCH(M$67-$F88,$F$12:$Z$12,0)),0) -> 0 | N88: =IF(N$36>=$F88,$E88*INDEX($F$13:$Z$13,MATCH(N$67-$F88,$F$12:$Z$12,0)),0) -> 0 | ... AA88: =IF(AA$36>=$F88,$E88*INDEX($F$13:$Z$13,MATCH(AA$67-$F88,$F$12:$Z$12,0)),0) -> 0 | AD88: 44.92385 | AE88: 2280 | AF88: =IF(G$36>=$F88,$AD88-SUM($G88:G88),0) -> 0 | AG88: =IF(H$36>=$F88,$AD88-SUM($G88:H88),0) -> 0 | AH88: =IF(I$36>=$F88,$AD88-SUM($G88:I88),0) -> 0 | AI88: =IF(J$36>=$F88,$AD88-SUM($G88:J88),0) -> 0 | AJ88: =IF(K$36>=$F88,$AD88-SUM($G88:K88),0) -> 0 | AK88: =IF(L$36>=$F88,$AD88-SUM($G88:L88),0) -> 0 | AL88: =IF(M$36>=$F88,$AD88-SUM($G88:M88),0) -> 0 | AM88: =IF(N$36>=$F88,$AD88-SUM($G88:N88),0) -> 0 | ... AZ88: =IF(AA$36>=$F88,$AD88-SUM($G88:AA88),0) -> 44.92385
C89: =SUM(C68:C88) -> 361.82927 | E89: =SUM(E67:E88) -> 627.24097 | F89: TOTAL | G89: =SUM(G68:G88) -> 0 | H89: =SUM(H68:H88) -> 0 | I89: =SUM(I68:I88) -> 0 | J89: =SUM(J68:J88) -> 0 | K89: =SUM(K68:K88) -> 0 | L89: =SUM(L68:L88) -> 11.504703 | M89: =SUM(M68:M88) -> 26.360136 | N89: =SUM(N68:N88) -> 29.016624 | ... AA89: =SUM(AA68:AA88) -> 32.289099 | AD89: =SUM(AD67:AD88) -> 627.24097 | AE89: TOTAL | AF89: =SUM(AF68:AF88) -> 100 | AG89: =SUM(AG68:AG88) -> 105 | AH89: =SUM(AH68:AH88) -> 110.25 | AI89: =SUM(AI68:AI88) -> 115.7625 | AJ89: =SUM(AJ68:AJ88) -> 121.55063 | AK89: =SUM(AK68:AK88) -> 127.62816 | AL89: =SUM(AL68:AL88) -> 134.00956 | AM89: =SUM(AM68:AM88) -> 140.71004 | ... AZ89: =SUM(AZ68:AZ88) -> 265.32977
F90: Cumulative | G90: =G89 -> 0 | H90: =G90+H89 -> 0 | I90: =H90+I89 -> 0 | J90: =I90+J89 -> 0 | K90: =J90+K89 -> 0 | L90: =K90+L89 -> 11.504703 | M90: =L90+M89 -> 37.86484 | N90: =M90+N89 -> 66.881463 | O90: =N90+O89 -> 89.635869 | ... AA90: =Z90+AA89 -> 361.9112

Sheet Hummus Town, constant stock
E1: Building Designers in Hummus Town want to explore what would happen if they make their buildings last longer. Change the "Years Shifted Later" cell to see, and change the "Constant Stock of Homes"
E3: Candy Town Lifespan Distribution
E4: Lifespan | F4: 0 | G4: 10 | H4: 20 | I4: 30 | J4: 40 | K4: 50 | L4: 60 | M4: 70 | N4: 80 | O4: 90 | P4: 100 | Q4: 110 | R4: 120 | S4: 130 | T4: 140 | U4: 150 | V4: 160 | W4: 170 | X4: 180 | Y4: 190 | Z4: 200
E5: Percent | F5: 0 | G5: 0 | H5: 0.11504703 | I5: 0.25784901 | J5: 0.27123382 | K5: 0.19410333 | L5: 0.10280688 | M5: 0.04165639 | N5: 0.013126206 | O5: 0.004 | P5: 0 | Q5: 0 | R5: 0 | S5: 0 | T5: 0 | U5: 0 | V5: 0 | W5: 0 | X5: 0 | Y5: 0 | Z5: 0
E7: Years Shifted Later: | G7: 40 | H7: (must be multiple of 10)
E8: Hummus Town Longer Lifespan Distribution
E9: Lifespan | F9: 0 | G9: 10 | H9: 20 | I9: 30 | J9: 40 | K9: 50 | L9: 60 | M9: 70 | N9: 80 | O9: 90 | P9: 100 | Q9: 110 | R9: 120 | S9: 130 | T9: 140 | U9: 150 | V9: 160 | W9: 170 | X9: 180 | Y9: 190 | Z9: 200
E10: Percent | F10: =IFERROR(INDEX($F$5:$O$5,MATCH(F$9-$G$7,$F$4:$O$4,0)),0) -> 0 | G10: =IFERROR(INDEX($F$5:$O$5,MATCH(G$9-$G$7,$F$4:$O$4,0)),0) -> 0 | H10: =IFERROR(INDEX($F$5:$O$5,MATCH(H$9-$G$7,$F$4:$O$4,0)),0) -> 0 | I10: =IFERROR(INDEX($F$5:$O$5,MATCH(I$9-$G$7,$F$4:$O$4,0)),0) -> 0 | J10: =IFERROR(INDEX($F$5:$O$5,MATCH(J$9-$G$7,$F$4:$O$4,0)),0) -> 0 | K10: =IFERROR(INDEX($F$5:$O$5,MATCH(K$9-$G$7,$F$4:$O$4,0)),0) -> 0 | L10: =IFERROR(INDEX($F$5:$O$5,MATCH(L$9-$G$7,$F$4:$O$4,0)),0) -> 0.11504703 | M10: =IFERROR(INDEX($F$5:$O$5,MATCH(M$9-$G$7,$F$4:$O$4,0)),0) -> 0.25784901 | ... Z10: =IFERROR(INDEX($F$5:$O$5,MATCH(Z$9-$G$7,$F$4:$O$4,0)),0) -> 0
E12: Constant stock of homes: | H12: 1000
G31: Hummus Town House Demolitions, Using Candy Town Lifespan Distribution | AF31: Hummus Town House Stock, Using Candy Town Lifespan Distribution
D32: Houses Built | G32: Year House Demolished & Rebuilt | AF32: Year House in Stock
D33: Total | E33: Annual | F33: Year Built | G33: 2080 | H33: 2090 | I33: 2100 | J33: 2110 | K33: 2120 | L33: 2130 | M33: 2140 | N33: 2150 | O33: 2160 | P33: 2170 | Q33: 2180 | R33: 2190 | S33: 2200 | T33: 2210 | U33: 2220 | V33: 2230 | W33: 2240 | X33: 2250 | Y33: 2260 | Z33: 2270 | AA33: 2280 | AD33: # Built | AE33: Year Built | AF33: 2080 | AG33: 2090 | AH33: 2100 | AI33: 2110 | AJ33: 2120 | AK33: 2130 | AL33: 2140 | AM33: 2150 | AN33: 2160 | AO33: 2170 | AP33: 2180 | AQ33: 2190 | AR33: 2200 | AS33: 2210 | AT33: 2220 | AU33: 2230 | AV33: 2240 | AW33: 2250 | AX33: 2260 | AY33: 2270 | AZ33: 2280
D34: =E34 -> 1000 | E34: =$H$12 -> 1000 | F34: 2080 | G34: =IF(G$33>=$F34,$E34*INDEX($F$5:$Z$5,MATCH(G$64-$F34,$F$4:$Z$4,0)),0) -> 0 | H34: =IF(H$33>=$F34,$E34*INDEX($F$5:$Z$5,MATCH(H$64-$F34,$F$4:$Z$4,0)),0) -> 0 | I34: =IF(I$33>=$F34,$E34*INDEX($F$5:$Z$5,MATCH(I$64-$F34,$F$4:$Z$4,0)),0) -> 115.04703 | J34: =IF(J$33>=$F34,$E34*INDEX($F$5:$Z$5,MATCH(J$64-$F34,$F$4:$Z$4,0)),0) -> 257.84901 | K34: =IF(K$33>=$F34,$E34*INDEX($F$5:$Z$5,MATCH(K$64-$F34,$F$4:$Z$4,0)),0) -> 271.23382 | L34: =IF(L$33>=$F34,$E34*INDEX($F$5:$Z$5,MATCH(L$64-$F34,$F$4:$Z$4,0)),0) -> 194.10333 | M34: =IF(M$33>=$F34,$E34*INDEX($F$5:$Z$5,MATCH(M$64-$F34,$F$4:$Z$4,0)),0) -> 102.80688 | N34: =IF(N$33>=$F34,$E34*INDEX($F$5:$Z$5,MATCH(N$64-$F34,$F$4:$Z$4,0)),0) -> 41.65639 | ... AA34: =IF(AA$33>=$F34,$E34*INDEX($F$5:$Z$5,MATCH(AA$64-$F34,$F$4:$Z$4,0)),0) -> 0 | AD34: {=E34:E54} -> 1000 | AE34: 2080 | AF34: =IF(G$33>=$F34,$AD34-SUM($G34:G34),0) -> 1000 | AG34: =IF(H$33>=$F34,$AD34-SUM($G34:H34),0) -> 1000 | AH34: =IF(I$33>=$F34,$AD34-SUM($G34:I34),0) -> 884.95297 | AI34: =IF(J$33>=$F34,$AD34-SUM($G34:J34),0) -> 627.10395 | AJ34: =IF(K$33>=$F34,$AD34-SUM($G34:K34),0) -> 355.87014 | AK34: =IF(L$33>=$F34,$AD34-SUM($G34:L34),0) -> 161.76681 | AL34: =IF(M$33>=$F34,$AD34-SUM($G34:M34),0) -> 58.959932 | AM34: =IF(N$33>=$F34,$AD34-SUM($G34:N34),0) -> 17.303542 | ... AZ34: =IF(AA$33>=$F34,$AD34-SUM($G34:AA34),0) -> 0.1773365
D35: =D34+E35 -> 1000 | E35: =_xlfn.XLOOKUP(F35,$G$33:$AA$33,$G$55:$AA$55) -> 0 | F35: 2090 | G35: =IF(G$33>=$F35,$E35*INDEX($F$5:$Z$5,MATCH(G$64-$F35,$F$4:$Z$4,0)),0) -> 0 | H35: =IF(H$33>=$F35,$E35*INDEX($F$5:$Z$5,MATCH(H$64-$F35,$F$4:$Z$4,0)),0) -> 0 | I35: =IF(I$33>=$F35,$E35*INDEX($F$5:$Z$5,MATCH(I$64-$F35,$F$4:$Z$4,0)),0) -> 0 | J35: =IF(J$33>=$F35,$E35*INDEX($F$5:$Z$5,MATCH(J$64-$F35,$F$4:$Z$4,0)),0) -> 0 | K35: =IF(K$33>=$F35,$E35*INDEX($F$5:$Z$5,MATCH(K$64-$F35,$F$4:$Z$4,0)),0) -> 0 | L35: =IF(L$33>=$F35,$E35*INDEX($F$5:$Z$5,MATCH(L$64-$F35,$F$4:$Z$4,0)),0) -> 0 | M35: =IF(M$33>=$F35,$E35*INDEX($F$5:$Z$5,MATCH(M$64-$F35,$F$4:$Z$4,0)),0) -> 0 | N35: =IF(N$33>=$F35,$E35*INDEX($F$5:$Z$5,MATCH(N$64-$F35,$F$4:$Z$4,0)),0) -> 0 | ... AA35: =IF(AA$33>=$F35,$E35*INDEX($F$5:$Z$5,MATCH(AA$64-$F35,$F$4:$Z$4,0)),0) -> 0 | AD35: 0 | AE35: 2090 | AF35: =IF(G$33>=$F35,$AD35-SUM($G35:G35),0) -> 0 | AG35: =IF(H$33>=$F35,$AD35-SUM($G35:H35),0) -> 0 | AH35: =IF(I$33>=$F35,$AD35-SUM($G35:I35),0) -> 0 | AI35: =IF(J$33>=$F35,$AD35-SUM($G35:J35),0) -> 0 | AJ35: =IF(K$33>=$F35,$AD35-SUM($G35:K35),0) -> 0 | AK35: =IF(L$33>=$F35,$AD35-SUM($G35:L35),0) -> 0 | AL35: =IF(M$33>=$F35,$AD35-SUM($G35:M35),0) -> 0 | AM35: =IF(N$33>=$F35,$AD35-SUM($G35:N35),0) -> 0 | ... AZ35: =IF(AA$33>=$F35,$AD35-SUM($G35:AA35),0) -> 0
D36: =D35+E36 -> 1115.047 | E36: =_xlfn.XLOOKUP(F36,$G$33:$AA$33,$G$55:$AA$55) -> 115.04703 | F36: 2100 | G36: =IF(G$33>=$F36,$E36*INDEX($F$5:$Z$5,MATCH(G$64-$F36,$F$4:$Z$4,0)),0) -> 0 | H36: =IF(H$33>=$F36,$E36*INDEX($F$5:$Z$5,MATCH(H$64-$F36,$F$4:$Z$4,0)),0) -> 0 | I36: =IF(I$33>=$F36,$E36*INDEX($F$5:$Z$5,MATCH(I$64-$F36,$F$4:$Z$4,0)),0) -> 0 | J36: =IF(J$33>=$F36,$E36*INDEX($F$5:$Z$5,MATCH(J$64-$F36,$F$4:$Z$4,0)),0) -> 0 | K36: =IF(K$33>=$F36,$E36*INDEX($F$5:$Z$5,MATCH(K$64-$F36,$F$4:$Z$4,0)),0) -> 13.23582 | L36: =IF(L$33>=$F36,$E36*INDEX($F$5:$Z$5,MATCH(L$64-$F36,$F$4:$Z$4,0)),0) -> 29.664764 | M36: =IF(M$33>=$F36,$E36*INDEX($F$5:$Z$5,MATCH(M$64-$F36,$F$4:$Z$4,0)),0) -> 31.204646 | N36: =IF(N$33>=$F36,$E36*INDEX($F$5:$Z$5,MATCH(N$64-$F36,$F$4:$Z$4,0)),0) -> 22.331012 | ... AA36: =IF(AA$33>=$F36,$E36*INDEX($F$5:$Z$5,MATCH(AA$64-$F36,$F$4:$Z$4,0)),0) -> 0 | AD36: 115.04703 | AE36: 2100 | AF36: =IF(G$33>=$F36,$AD36-SUM($G36:G36),0) -> 0 | AG36: =IF(H$33>=$F36,$AD36-SUM($G36:H36),0) -> 0 | AH36: =IF(I$33>=$F36,$AD36-SUM($G36:I36),0) -> 115.04703 | AI36: =IF(J$33>=$F36,$AD36-SUM($G36:J36),0) -> 115.04703 | AJ36: =IF(K$33>=$F36,$AD36-SUM($G36:K36),0) -> 101.81121 | AK36: =IF(L$33>=$F36,$AD36-SUM($G36:L36),0) -> 72.14645 | AL36: =IF(M$33>=$F36,$AD36-SUM($G36:M36),0) -> 40.941804 | AM36: =IF(N$33>=$F36,$AD36-SUM($G36:N36),0) -> 18.610792 | ... AZ36: =IF(AA$33>=$F36,$AD36-SUM($G36:AA36),0) -> 0.020402038
D37: =D36+E37 -> 1372.896 | E37: =_xlfn.XLOOKUP(F37,$G$33:$AA$33,$G$55:$AA$55) -> 257.84901 | F37: 2110 | G37: =IF(G$33>=$F37,$E37*INDEX($F$5:$Z$5,MATCH(G$64-$F37,$F$4:$Z$4,0)),0) -> 0 | H37: =IF(H$33>=$F37,$E37*INDEX($F$5:$Z$5,MATCH(H$64-$F37,$F$4:$Z$4,0)),0) -> 0 | I37: =IF(I$33>=$F37,$E37*INDEX($F$5:$Z$5,MATCH(I$64-$F37,$F$4:$Z$4,0)),0) -> 0 | J37: =IF(J$33>=$F37,$E37*INDEX($F$5:$Z$5,MATCH(J$64-$F37,$F$4:$Z$4,0)),0) -> 0 | K37: =IF(K$33>=$F37,$E37*INDEX($F$5:$Z$5,MATCH(K$64-$F37,$F$4:$Z$4,0)),0) -> 0 | L37: =IF(L$33>=$F37,$E37*INDEX($F$5:$Z$5,MATCH(L$64-$F37,$F$4:$Z$4,0)),0) -> 29.664764 | M37: =IF(M$33>=$F37,$E37*INDEX($F$5:$Z$5,MATCH(M$64-$F37,$F$4:$Z$4,0)),0) -> 66.486113 | N37: =IF(N$33>=$F37,$E37*INDEX($F$5:$Z$5,MATCH(N$64-$F37,$F$4:$Z$4,0)),0) -> 69.937372 | ... AA37: =IF(AA$33>=$F37,$E37*INDEX($F$5:$Z$5,MATCH(AA$64-$F37,$F$4:$Z$4,0)),0) -> 0 | AD37: 257.84901 | AE37: 2110 | AF37: =IF(G$33>=$F37,$AD37-SUM($G37:G37),0) -> 0 | AG37: =IF(H$33>=$F37,$AD37-SUM($G37:H37),0) -> 0 | AH37: =IF(I$33>=$F37,$AD37-SUM($G37:I37),0) -> 0 | AI37: =IF(J$33>=$F37,$AD37-SUM($G37:J37),0) -> 257.84901 | AJ37: =IF(K$33>=$F37,$AD37-SUM($G37:K37),0) -> 257.84901 | AK37: =IF(L$33>=$F37,$AD37-SUM($G37:L37),0) -> 228.18425 | AL37: =IF(M$33>=$F37,$AD37-SUM($G37:M37),0) -> 161.69814 | AM37: =IF(N$33>=$F37,$AD37-SUM($G37:N37),0) -> 91.760763 | ... AZ37: =IF(AA$33>=$F37,$AD37-SUM($G37:AA37),0) -> 0.045726041
D38: =D37+E38 -> 1657.3657 | E38: =_xlfn.XLOOKUP(F38,$G$33:$AA$33,$G$55:$AA$55) -> 284.46964 | F38: 2120 | G38: =IF(G$33>=$F38,$E38*INDEX($F$5:$Z$5,MATCH(G$64-$F38,$F$4:$Z$4,0)),0) -> 0 | H38: =IF(H$33>=$F38,$E38*INDEX($F$5:$Z$5,MATCH(H$64-$F38,$F$4:$Z$4,0)),0) -> 0 | I38: =IF(I$33>=$F38,$E38*INDEX($F$5:$Z$5,MATCH(I$64-$F38,$F$4:$Z$4,0)),0) -> 0 | J38: =IF(J$33>=$F38,$E38*INDEX($F$5:$Z$5,MATCH(J$64-$F38,$F$4:$Z$4,0)),0) -> 0 | K38: =IF(K$33>=$F38,$E38*INDEX($F$5:$Z$5,MATCH(K$64-$F38,$F$4:$Z$4,0)),0) -> 0 | L38: =IF(L$33>=$F38,$E38*INDEX($F$5:$Z$5,MATCH(L$64-$F38,$F$4:$Z$4,0)),0) -> 0 | M38: =IF(M$33>=$F38,$E38*INDEX($F$5:$Z$5,MATCH(M$64-$F38,$F$4:$Z$4,0)),0) -> 32.727388 | N38: =IF(N$33>=$F38,$E38*INDEX($F$5:$Z$5,MATCH(N$64-$F38,$F$4:$Z$4,0)),0) -> 73.350215 | ... AA38: =IF(AA$33>=$F38,$E38*INDEX($F$5:$Z$5,MATCH(AA$64-$F38,$F$4:$Z$4,0)),0) -> 0 | AD38: 284.46964 | AE38: 2120 | AF38: =IF(G$33>=$F38,$AD38-SUM($G38:G38),0) -> 0 | AG38: =IF(H$33>=$F38,$AD38-SUM($G38:H38),0) -> 0 | AH38: =IF(I$33>=$F38,$AD38-SUM($G38:I38),0) -> 0 | AI38: =IF(J$33>=$F38,$AD38-SUM($G38:J38),0) -> 0 | AJ38: =IF(K$33>=$F38,$AD38-SUM($G38:K38),0) -> 284.46964 | AK38: =IF(L$33>=$F38,$AD38-SUM($G38:L38),0) -> 284.46964 | AL38: =IF(M$33>=$F38,$AD38-SUM($G38:M38),0) -> 251.74225 | AM38: =IF(N$33>=$F38,$AD38-SUM($G38:N38),0) -> 178.39203 | ... AZ38: =IF(AA$33>=$F38,$AD38-SUM($G38:AA38),0) -> 0.050446849
D39: =D38+E39 -> 1910.7985 | E39: =_xlfn.XLOOKUP(F39,$G$33:$AA$33,$G$55:$AA$55) -> 253.43285 | F39: 2130 | G39: =IF(G$33>=$F39,$E39*INDEX($F$5:$Z$5,MATCH(G$64-$F39,$F$4:$Z$4,0)),0) -> 0 | H39: =IF(H$33>=$F39,$E39*INDEX($F$5:$Z$5,MATCH(H$64-$F39,$F$4:$Z$4,0)),0) -> 0 | I39: =IF(I$33>=$F39,$E39*INDEX($F$5:$Z$5,MATCH(I$64-$F39,$F$4:$Z$4,0)),0) -> 0 | J39: =IF(J$33>=$F39,$E39*INDEX($F$5:$Z$5,MATCH(J$64-$F39,$F$4:$Z$4,0)),0) -> 0 | K39: =IF(K$33>=$F39,$E39*INDEX($F$5:$Z$5,MATCH(K$64-$F39,$F$4:$Z$4,0)),0) -> 0 | L39: =IF(L$33>=$F39,$E39*INDEX($F$5:$Z$5,MATCH(L$64-$F39,$F$4:$Z$4,0)),0) -> 0 | M39: =IF(M$33>=$F39,$E39*INDEX($F$5:$Z$5,MATCH(M$64-$F39,$F$4:$Z$4,0)),0) -> 0 | N39: =IF(N$33>=$F39,$E39*INDEX($F$5:$Z$5,MATCH(N$64-$F39,$F$4:$Z$4,0)),0) -> 29.156698 | ... AA39: =IF(AA$33>=$F39,$E39*INDEX($F$5:$Z$5,MATCH(AA$64-$F39,$F$4:$Z$4,0)),0) -> 0 | AD39: 253.43285 | AE39: 2130 | AF39: =IF(G$33>=$F39,$AD39-SUM($G39:G39),0) -> 0 | AG39: =IF(H$33>=$F39,$AD39-SUM($G39:H39),0) -> 0 | AH39: =IF(I$33>=$F39,$AD39-SUM($G39:I39),0) -> 0 | AI39: =IF(J$33>=$F39,$AD39-SUM($G39:J39),0) -> 0 | AJ39: =IF(K$33>=$F39,$AD39-SUM($G39:K39),0) -> 0 | AK39: =IF(L$33>=$F39,$AD39-SUM($G39:L39),0) -> 253.43285 | AL39: =IF(M$33>=$F39,$AD39-SUM($G39:M39),0) -> 253.43285 | AM39: =IF(N$33>=$F39,$AD39-SUM($G39:N39),0) -> 224.27616 | ... AZ39: =IF(AA$33>=$F39,$AD39-SUM($G39:AA39),0) -> 0.044942895
D40: =D39+E40 -> 2144.0236 | E40: =_xlfn.XLOOKUP(F40,$G$33:$AA$33,$G$55:$AA$55) -> 233.22503 | F40: 2140 | G40: =IF(G$33>=$F40,$E40*INDEX($F$5:$Z$5,MATCH(G$64-$F40,$F$4:$Z$4,0)),0) -> 0 | H40: =IF(H$33>=$F40,$E40*INDEX($F$5:$Z$5,MATCH(H$64-$F40,$F$4:$Z$4,0)),0) -> 0 | I40: =IF(I$33>=$F40,$E40*INDEX($F$5:$Z$5,MATCH(I$64-$F40,$F$4:$Z$4,0)),0) -> 0 | J40: =IF(J$33>=$F40,$E40*INDEX($F$5:$Z$5,MATCH(J$64-$F40,$F$4:$Z$4,0)),0) -> 0 | K40: =IF(K$33>=$F40,$E40*INDEX($F$5:$Z$5,MATCH(K$64-$F40,$F$4:$Z$4,0)),0) -> 0 | L40: =IF(L$33>=$F40,$E40*INDEX($F$5:$Z$5,MATCH(L$64-$F40,$F$4:$Z$4,0)),0) -> 0 | M40: =IF(M$33>=$F40,$E40*INDEX($F$5:$Z$5,MATCH(M$64-$F40,$F$4:$Z$4,0)),0) -> 0 | N40: =IF(N$33>=$F40,$E40*INDEX($F$5:$Z$5,MATCH(N$64-$F40,$F$4:$Z$4,0)),0) -> 0 | ... AA40: =IF(AA$33>=$F40,$E40*INDEX($F$5:$Z$5,MATCH(AA$64-$F40,$F$4:$Z$4,0)),0) -> 0 | AD40: 233.22503 | AE40: 2140 | AF40: =IF(G$33>=$F40,$AD40-SUM($G40:G40),0) -> 0 | AG40: =IF(H$33>=$F40,$AD40-SUM($G40:H40),0) -> 0 | AH40: =IF(I$33>=$F40,$AD40-SUM($G40:I40),0) -> 0 | AI40: =IF(J$33>=$F40,$AD40-SUM($G40:J40),0) -> 0 | AJ40: =IF(K$33>=$F40,$AD40-SUM($G40:K40),0) -> 0 | AK40: =IF(L$33>=$F40,$AD40-SUM($G40:L40),0) -> 0 | AL40: =IF(M$33>=$F40,$AD40-SUM($G40:M40),0) -> 233.22503 | AM40: =IF(N$33>=$F40,$AD40-SUM($G40:N40),0) -> 233.22503 | ... AZ40: =IF(AA$33>=$F40,$AD40-SUM($G40:AA40),0) -> 0.041359309
D41: =D40+E41 -> 2380.4552 | E41: =_xlfn.XLOOKUP(F41,$G$33:$AA$33,$G$55:$AA$55) -> 236.43169 | F41: 2150 | G41: =IF(G$33>=$F41,$E41*INDEX($F$5:$Z$5,MATCH(G$64-$F41,$F$4:$Z$4,0)),0) -> 0 | H41: =IF(H$33>=$F41,$E41*INDEX($F$5:$Z$5,MATCH(H$64-$F41,$F$4:$Z$4,0)),0) -> 0 | I41: =IF(I$33>=$F41,$E41*INDEX($F$5:$Z$5,MATCH(I$64-$F41,$F$4:$Z$4,0)),0) -> 0 | J41: =IF(J$33>=$F41,$E41*INDEX($F$5:$Z$5,MATCH(J$64-$F41,$F$4:$Z$4,0)),0) -> 0 | K41: =IF(K$33>=$F41,$E41*INDEX($F$5:$Z$5,MATCH(K$64-$F41,$F$4:$Z$4,0)),0) -> 0 | L41: =IF(L$33>=$F41,$E41*INDEX($F$5:$Z$5,MATCH(L$64-$F41,$F$4:$Z$4,0)),0) -> 0 | M41: =IF(M$33>=$F41,$E41*INDEX($F$5:$Z$5,MATCH(M$64-$F41,$F$4:$Z$4,0)),0) -> 0 | N41: =IF(N$33>=$F41,$E41*INDEX($F$5:$Z$5,MATCH(N$64-$F41,$F$4:$Z$4,0)),0) -> 0 | ... AA41: =IF(AA$33>=$F41,$E41*INDEX($F$5:$Z$5,MATCH(AA$64-$F41,$F$4:$Z$4,0)),0) -> 0 | AD41: 236.43169 | AE41: 2150 | AF41: =IF(G$33>=$F41,$AD41-SUM($G41:G41),0) -> 0 | AG41: =IF(H$33>=$F41,$AD41-SUM($G41:H41),0) -> 0 | AH41: =IF(I$33>=$F41,$AD41-SUM($G41:I41),0) -> 0 | AI41: =IF(J$33>=$F41,$AD41-SUM($G41:J41),0) -> 0 | AJ41: =IF(K$33>=$F41,$AD41-SUM($G41:K41),0) -> 0 | AK41: =IF(L$33>=$F41,$AD41-SUM($G41:L41),0) -> 0 | AL41: =IF(M$33>=$F41,$AD41-SUM($G41:M41),0) -> 0 | AM41: =IF(N$33>=$F41,$AD41-SUM($G41:N41),0) -> 236.43169 | ... AZ41: =IF(AA$33>=$F41,$AD41-SUM($G41:AA41),0) -> 0.041927967
D42: =D41+E42 -> 2624.7955 | E42: =_xlfn.XLOOKUP(F42,$G$33:$AA$33,$G$55:$AA$55) -> 244.34023 | F42: 2160 | G42: =IF(G$33>=$F42,$E42*INDEX($F$5:$Z$5,MATCH(G$64-$F42,$F$4:$Z$4,0)),0) -> 0 | H42: =IF(H$33>=$F42,$E42*INDEX($F$5:$Z$5,MATCH(H$64-$F42,$F$4:$Z$4,0)),0) -> 0 | I42: =IF(I$33>=$F42,$E42*INDEX($F$5:$Z$5,MATCH(I$64-$F42,$F$4:$Z$4,0)),0) -> 0 | J42: =IF(J$33>=$F42,$E42*INDEX($F$5:$Z$5,MATCH(J$64-$F42,$F$4:$Z$4,0)),0) -> 0 | K42: =IF(K$33>=$F42,$E42*INDEX($F$5:$Z$5,MATCH(K$64-$F42,$F$4:$Z$4,0)),0) -> 0 | L42: =IF(L$33>=$F42,$E42*INDEX($F$5:$Z$5,MATCH(L$64-$F42,$F$4:$Z$4,0)),0) -> 0 | M42: =IF(M$33>=$F42,$E42*INDEX($F$5:$Z$5,MATCH(M$64-$F42,$F$4:$Z$4,0)),0) -> 0 | N42: =IF(N$33>=$F42,$E42*INDEX($F$5:$Z$5,MATCH(N$64-$F42,$F$4:$Z$4,0)),0) -> 0 | ... AA42: =IF(AA$33>=$F42,$E42*INDEX($F$5:$Z$5,MATCH(AA$64-$F42,$F$4:$Z$4,0)),0) -> 0 | AD42: 244.34023 | AE42: 2160 | AF42: =IF(G$33>=$F42,$AD42-SUM($G42:G42),0) -> 0 | AG42: =IF(H$33>=$F42,$AD42-SUM($G42:H42),0) -> 0 | AH42: =IF(I$33>=$F42,$AD42-SUM($G42:I42),0) -> 0 | AI42: =IF(J$33>=$F42,$AD42-SUM($G42:J42),0) -> 0 | AJ42: =IF(K$33>=$F42,$AD42-SUM($G42:K42),0) -> 0 | AK42: =IF(L$33>=$F42,$AD42-SUM($G42:L42),0) -> 0 | AL42: =IF(M$33>=$F42,$AD42-SUM($G42:M42),0) -> 0 | AM42: =IF(N$33>=$F42,$AD42-SUM($G42:N42),0) -> 0 | ... AZ42: =IF(AA$33>=$F42,$AD42-SUM($G42:AA42),0) -> 0.04333044
D43: =D42+E43 -> 2871.3902 | E43: =_xlfn.XLOOKUP(F43,$G$33:$AA$33,$G$55:$AA$55) -> 246.59477 | F43: 2170 | G43: =IF(G$33>=$F43,$E43*INDEX($F$5:$Z$5,MATCH(G$64-$F43,$F$4:$Z$4,0)),0) -> 0 | H43: =IF(H$33>=$F43,$E43*INDEX($F$5:$Z$5,MATCH(H$64-$F43,$F$4:$Z$4,0)),0) -> 0 | I43: =IF(I$33>=$F43,$E43*INDEX($F$5:$Z$5,MATCH(I$64-$F43,$F$4:$Z$4,0)),0) -> 0 | J43: =IF(J$33>=$F43,$E43*INDEX($F$5:$Z$5,MATCH(J$64-$F43,$F$4:$Z$4,0)),0) -> 0 | K43: =IF(K$33>=$F43,$E43*INDEX($F$5:$Z$5,MATCH(K$64-$F43,$F$4:$Z$4,0)),0) -> 0 | L43: =IF(L$33>=$F43,$E43*INDEX($F$5:$Z$5,MATCH(L$64-$F43,$F$4:$Z$4,0)),0) -> 0 | M43: =IF(M$33>=$F43,$E43*INDEX($F$5:$Z$5,MATCH(M$64-$F43,$F$4:$Z$4,0)),0) -> 0 | N43: =IF(N$33>=$F43,$E43*INDEX($F$5:$Z$5,MATCH(N$64-$F43,$F$4:$Z$4,0)),0) -> 0 | ... AA43: =IF(AA$33>=$F43,$E43*INDEX($F$5:$Z$5,MATCH(AA$64-$F43,$F$4:$Z$4,0)),0) -> 0 | AD43: 246.59477 | AE43: 2170 | AF43: =IF(G$33>=$F43,$AD43-SUM($G43:G43),0) -> 0 | AG43: =IF(H$33>=$F43,$AD43-SUM($G43:H43),0) -> 0 | AH43: =IF(I$33>=$F43,$AD43-SUM($G43:I43),0) -> 0 | AI43: =IF(J$33>=$F43,$AD43-SUM($G43:J43),0) -> 0 | AJ43: =IF(K$33>=$F43,$AD43-SUM($G43:K43),0) -> 0 | AK43: =IF(L$33>=$F43,$AD43-SUM($G43:L43),0) -> 0 | AL43: =IF(M$33>=$F43,$AD43-SUM($G43:M43),0) -> 0 | AM43: =IF(N$33>=$F43,$AD43-SUM($G43:N43),0) -> 0 | ... AZ43: =IF(AA$33>=$F43,$AD43-SUM($G43:AA43),0) -> 0.043730252
D44: =D43+E44 -> 3114.4118 | E44: =_xlfn.XLOOKUP(F44,$G$33:$AA$33,$G$55:$AA$55) -> 243.02159 | F44: 2180 | G44: =IF(G$33>=$F44,$E44*INDEX($F$5:$Z$5,MATCH(G$64-$F44,$F$4:$Z$4,0)),0) -> 0 | H44: =IF(H$33>=$F44,$E44*INDEX($F$5:$Z$5,MATCH(H$64-$F44,$F$4:$Z$4,0)),0) -> 0 | I44: =IF(I$33>=$F44,$E44*INDEX($F$5:$Z$5,MATCH(I$64-$F44,$F$4:$Z$4,0)),0) -> 0 | J44: =IF(J$33>=$F44,$E44*INDEX($F$5:$Z$5,MATCH(J$64-$F44,$F$4:$Z$4,0)),0) -> 0 | K44: =IF(K$33>=$F44,$E44*INDEX($F$5:$Z$5,MATCH(K$64-$F44,$F$4:$Z$4,0)),0) -> 0 | L44: =IF(L$33>=$F44,$E44*INDEX($F$5:$Z$5,MATCH(L$64-$F44,$F$4:$Z$4,0)),0) -> 0 | M44: =IF(M$33>=$F44,$E44*INDEX($F$5:$Z$5,MATCH(M$64-$F44,$F$4:$Z$4,0)),0) -> 0 | N44: =IF(N$33>=$F44,$E44*INDEX($F$5:$Z$5,MATCH(N$64-$F44,$F$4:$Z$4,0)),0) -> 0 | ... AA44: =IF(AA$33>=$F44,$E44*INDEX($F$5:$Z$5,MATCH(AA$64-$F44,$F$4:$Z$4,0)),0) -> 0 | AD44: 243.02159 | AE44: 2180 | AF44: =IF(G$33>=$F44,$AD44-SUM($G44:G44),0) -> 0 | AG44: =IF(H$33>=$F44,$AD44-SUM($G44:H44),0) -> 0 | AH44: =IF(I$33>=$F44,$AD44-SUM($G44:I44),0) -> 0 | AI44: =IF(J$33>=$F44,$AD44-SUM($G44:J44),0) -> 0 | AJ44: =IF(K$33>=$F44,$AD44-SUM($G44:K44),0) -> 0 | AK44: =IF(L$33>=$F44,$AD44-SUM($G44:L44),0) -> 0 | AL44: =IF(M$33>=$F44,$AD44-SUM($G44:M44),0) -> 0 | AM44: =IF(N$33>=$F44,$AD44-SUM($G44:N44),0) -> 0 | ... AZ44: =IF(AA$33>=$F44,$AD44-SUM($G44:AA44),0) -> 0.043096599
D45: =D44+E45 -> 3356.9321 | E45: =_xlfn.XLOOKUP(F45,$G$33:$AA$33,$G$55:$AA$55) -> 242.52029 | F45: 2190 | G45: =IF(G$33>=$F45,$E45*INDEX($F$5:$Z$5,MATCH(G$64-$F45,$F$4:$Z$4,0)),0) -> 0 | H45: =IF(H$33>=$F45,$E45*INDEX($F$5:$Z$5,MATCH(H$64-$F45,$F$4:$Z$4,0)),0) -> 0 | I45: =IF(I$33>=$F45,$E45*INDEX($F$5:$Z$5,MATCH(I$64-$F45,$F$4:$Z$4,0)),0) -> 0 | J45: =IF(J$33>=$F45,$E45*INDEX($F$5:$Z$5,MATCH(J$64-$F45,$F$4:$Z$4,0)),0) -> 0 | K45: =IF(K$33>=$F45,$E45*INDEX($F$5:$Z$5,MATCH(K$64-$F45,$F$4:$Z$4,0)),0) -> 0 | L45: =IF(L$33>=$F45,$E45*INDEX($F$5:$Z$5,MATCH(L$64-$F45,$F$4:$Z$4,0)),0) -> 0 | M45: =IF(M$33>=$F45,$E45*INDEX($F$5:$Z$5,MATCH(M$64-$F45,$F$4:$Z$4,0)),0) -> 0 | N45: =IF(N$33>=$F45,$E45*INDEX($F$5:$Z$5,MATCH(N$64-$F45,$F$4:$Z$4,0)),0) -> 0 | ... AA45: =IF(AA$33>=$F45,$E45*INDEX($F$5:$Z$5,MATCH(AA$64-$F45,$F$4:$Z$4,0)),0) -> 0.97008116 | AD45: 242.52029 | AE45: 2190 | AF45: =IF(G$33>=$F45,$AD45-SUM($G45:G45),0) -> 0 | AG45: =IF(H$33>=$F45,$AD45-SUM($G45:H45),0) -> 0 | AH45: =IF(I$33>=$F45,$AD45-SUM($G45:I45),0) -> 0 | AI45: =IF(J$33>=$F45,$AD45-SUM($G45:J45),0) -> 0 | AJ45: =IF(K$33>=$F45,$AD45-SUM($G45:K45),0) -> 0 | AK45: =IF(L$33>=$F45,$AD45-SUM($G45:L45),0) -> 0 | AL45: =IF(M$33>=$F45,$AD45-SUM($G45:M45),0) -> 0 | AM45: =IF(N$33>=$F45,$AD45-SUM($G45:N45),0) -> 0 | ... AZ45: =IF(AA$33>=$F45,$AD45-SUM($G45:AA45),0) -> 0.043007699
D46: =D45+E46 -> 3599.9404 | E46: =_xlfn.XLOOKUP(F46,$G$33:$AA$33,$G$55:$AA$55) -> 243.00828 | F46: 2200 | G46: =IF(G$33>=$F46,$E46*INDEX($F$5:$Z$5,MATCH(G$64-$F46,$F$4:$Z$4,0)),0) -> 0 | H46: =IF(H$33>=$F46,$E46*INDEX($F$5:$Z$5,MATCH(H$64-$F46,$F$4:$Z$4,0)),0) -> 0 | I46: =IF(I$33>=$F46,$E46*INDEX($F$5:$Z$5,MATCH(I$64-$F46,$F$4:$Z$4,0)),0) -> 0 | J46: =IF(J$33>=$F46,$E46*INDEX($F$5:$Z$5,MATCH(J$64-$F46,$F$4:$Z$4,0)),0) -> 0 | K46: =IF(K$33>=$F46,$E46*INDEX($F$5:$Z$5,MATCH(K$64-$F46,$F$4:$Z$4,0)),0) -> 0 | L46: =IF(L$33>=$F46,$E46*INDEX($F$5:$Z$5,MATCH(L$64-$F46,$F$4:$Z$4,0)),0) -> 0 | M46: =IF(M$33>=$F46,$E46*INDEX($F$5:$Z$5,MATCH(M$64-$F46,$F$4:$Z$4,0)),0) -> 0 | N46: =IF(N$33>=$F46,$E46*INDEX($F$5:$Z$5,MATCH(N$64-$F46,$F$4:$Z$4,0)),0) -> 0 | ... AA46: =IF(AA$33>=$F46,$E46*INDEX($F$5:$Z$5,MATCH(AA$64-$F46,$F$4:$Z$4,0)),0) -> 3.1897766 | AD46: 243.00828 | AE46: 2200 | AF46: =IF(G$33>=$F46,$AD46-SUM($G46:G46),0) -> 0 | AG46: =IF(H$33>=$F46,$AD46-SUM($G46:H46),0) -> 0 | AH46: =IF(I$33>=$F46,$AD46-SUM($G46:I46),0) -> 0 | AI46: =IF(J$33>=$F46,$AD46-SUM($G46:J46),0) -> 0 | AJ46: =IF(K$33>=$F46,$AD46-SUM($G46:K46),0) -> 0 | AK46: =IF(L$33>=$F46,$AD46-SUM($G46:L46),0) -> 0 | AL46: =IF(M$33>=$F46,$AD46-SUM($G46:M46),0) -> 0 | AM46: =IF(N$33>=$F46,$AD46-SUM($G46:N46),0) -> 0 | ... AZ46: =IF(AA$33>=$F46,$AD46-SUM($G46:AA46),0) -> 1.0151273
... D54: =D53+E54 -> 5545.552 | E54: =_xlfn.XLOOKUP(F54,$G$33:$AA$33,$G$55:$AA$55) -> 243.13574 | F54: 2280 | G54: =IF(G$33>=$F54,$E54*INDEX($F$5:$Z$5,MATCH(G$64-$F54,$F$4:$Z$4,0)),0) -> 0 | H54: =IF(H$33>=$F54,$E54*INDEX($F$5:$Z$5,MATCH(H$64-$F54,$F$4:$Z$4,0)),0) -> 0 | I54: =IF(I$33>=$F54,$E54*INDEX($F$5:$Z$5,MATCH(I$64-$F54,$F$4:$Z$4,0)),0) -> 0 | J54: =IF(J$33>=$F54,$E54*INDEX($F$5:$Z$5,MATCH(J$64-$F54,$F$4:$Z$4,0)),0) -> 0 | K54: =IF(K$33>=$F54,$E54*INDEX($F$5:$Z$5,MATCH(K$64-$F54,$F$4:$Z$4,0)),0) -> 0 | L54: =IF(L$33>=$F54,$E54*INDEX($F$5:$Z$5,MATCH(L$64-$F54,$F$4:$Z$4,0)),0) -> 0 | M54: =IF(M$33>=$F54,$E54*INDEX($F$5:$Z$5,MATCH(M$64-$F54,$F$4:$Z$4,0)),0) -> 0 | N54: =IF(N$33>=$F54,$E54*INDEX($F$5:$Z$5,MATCH(N$64-$F54,$F$4:$Z$4,0)),0) -> 0 | ... AA54: =IF(AA$33>=$F54,$E54*INDEX($F$5:$Z$5,MATCH(AA$64-$F54,$F$4:$Z$4,0)),0) -> 0 | AD54: 243.13574 | AE54: 2280 | AF54: =IF(G$33>=$F54,$AD54-SUM($G54:G54),0) -> 0 | AG54: =IF(H$33>=$F54,$AD54-SUM($G54:H54),0) -> 0 | AH54: =IF(I$33>=$F54,$AD54-SUM($G54:I54),0) -> 0 | AI54: =IF(J$33>=$F54,$AD54-SUM($G54:J54),0) -> 0 | AJ54: =IF(K$33>=$F54,$AD54-SUM($G54:K54),0) -> 0 | AK54: =IF(L$33>=$F54,$AD54-SUM($G54:L54),0) -> 0 | AL54: =IF(M$33>=$F54,$AD54-SUM($G54:M54),0) -> 0 | AM54: =IF(N$33>=$F54,$AD54-SUM($G54:N54),0) -> 0 | ... AZ54: =IF(AA$33>=$F54,$AD54-SUM($G54:AA54),0) -> 243.13574
E55: =SUM(E33:E54) -> 5545.552 | F55: TOTAL | G55: =SUM(G34:G54) -> 0 | H55: =SUM(H34:H54) -> 0 | I55: =SUM(I34:I54) -> 115.04703 | J55: =SUM(J34:J54) -> 257.84901 | K55: =SUM(K34:K54) -> 284.46964 | L55: =SUM(L34:L54) -> 253.43285 | M55: =SUM(M34:M54) -> 233.22503 | N55: =SUM(N34:N54) -> 236.43169 | ... AA55: =SUM(AA34:AA54) -> 243.13574 | AD55: =SUM(AD33:AD54) -> 5545.552 | AE55: TOTAL | AF55: =SUM(AF34:AF54) -> 1000 | AG55: =SUM(AG34:AG54) -> 1000 | AH55: =SUM(AH34:AH54) -> 1000 | AI55: =SUM(AI34:AI54) -> 1000 | AJ55: =SUM(AJ34:AJ54) -> 1000 | AK55: =SUM(AK34:AK54) -> 1000 | AL55: =SUM(AL34:AL54) -> 1000 | AM55: =SUM(AM34:AM54) -> 1000 | ... AZ55: =SUM(AZ34:AZ54) -> 1000
G62: Hummus Town House Demolitions, Using Candy Town Lifespan Distribution | AF62: Hummus Town House Stock, Using Candy Town Lifespan Distribution
B63: Not Built | D63: Houses Built | G63: Year House Demolished & Rebuilt | AF63: Year House in Stock
B64: Total | C64: Annual | D64: Total | E64: Annual | F64: Year Built | G64: 2080 | H64: 2090 | I64: 2100 | J64: 2110 | K64: 2120 | L64: 2130 | M64: 2140 | N64: 2150 | O64: 2160 | P64: 2170 | Q64: 2180 | R64: 2190 | S64: 2200 | T64: 2210 | U64: 2220 | V64: 2230 | W64: 2240 | X64: 2250 | Y64: 2260 | Z64: 2270 | AA64: 2280 | AD64: # Built | AE64: Year Built | AF64: 2080 | AG64: 2090 | AH64: 2100 | AI64: 2110 | AJ64: 2120 | AK64: 2130 | AL64: 2140 | AM64: 2150 | AN64: 2160 | AO64: 2170 | AP64: 2180 | AQ64: 2190 | AR64: 2200 | AS64: 2210 | AT64: 2220 | AU64: 2230 | AV64: 2240 | AW64: 2250 | AX64: 2260 | AY64: 2270 | AZ64: 2280
B65: =C65 -> 0 | C65: =E34-E65 -> 0 | D65: =E65 -> 1000 | E65: =$H$12 -> 1000 | F65: 2080 | G65: =IF(G$33>=$F65,$E65*INDEX($F$10:$Z$10,MATCH(G$64-$F65,$F$9:$Z$9,0)),0) -> 0 | H65: =IF(H$33>=$F65,$E65*INDEX($F$10:$Z$10,MATCH(H$64-$F65,$F$9:$Z$9,0)),0) -> 0 | I65: =IF(I$33>=$F65,$E65*INDEX($F$10:$Z$10,MATCH(I$64-$F65,$F$9:$Z$9,0)),0) -> 0 | J65: =IF(J$33>=$F65,$E65*INDEX($F$10:$Z$10,MATCH(J$64-$F65,$F$9:$Z$9,0)),0) -> 0 | K65: =IF(K$33>=$F65,$E65*INDEX($F$10:$Z$10,MATCH(K$64-$F65,$F$9:$Z$9,0)),0) -> 0 | L65: =IF(L$33>=$F65,$E65*INDEX($F$10:$Z$10,MATCH(L$64-$F65,$F$9:$Z$9,0)),0) -> 0 | M65: =IF(M$33>=$F65,$E65*INDEX($F$10:$Z$10,MATCH(M$64-$F65,$F$9:$Z$9,0)),0) -> 115.04703 | N65: =IF(N$33>=$F65,$E65*INDEX($F$10:$Z$10,MATCH(N$64-$F65,$F$9:$Z$9,0)),0) -> 257.84901 | ... AA65: =IF(AA$33>=$F65,$E65*INDEX($F$10:$Z$10,MATCH(AA$64-$F65,$F$9:$Z$9,0)),0) -> 0 | AD65: {=E65:E85} -> 1000 | AE65: 2080 | AF65: =IF(G$33>=$F65,$AD65-SUM($G65:G65),0) -> 1000 | AG65: =IF(H$33>=$F65,$AD65-SUM($G65:H65),0) -> 1000 | AH65: =IF(I$33>=$F65,$AD65-SUM($G65:I65),0) -> 1000 | AI65: =IF(J$33>=$F65,$AD65-SUM($G65:J65),0) -> 1000 | AJ65: =IF(K$33>=$F65,$AD65-SUM($G65:K65),0) -> 1000 | AK65: =IF(L$33>=$F65,$AD65-SUM($G65:L65),0) -> 1000 | AL65: =IF(M$33>=$F65,$AD65-SUM($G65:M65),0) -> 884.95297 | AM65: =IF(N$33>=$F65,$AD65-SUM($G65:N65),0) -> 627.10395 | ... AZ65: =IF(AA$33>=$F65,$AD65-SUM($G65:AA65),0) -> 0.1773365
B66: =B65+C66 -> 0 | C66: =E35-E66 -> 0 | D66: =D65+E66 -> 1000 | E66: =_xlfn.XLOOKUP(F66,$G$64:$AA$64,$G$86:$AA$86) -> 0 | F66: 2090 | G66: =IF(G$33>=$F66,$E66*INDEX($F$10:$Z$10,MATCH(G$64-$F66,$F$9:$Z$9,0)),0) -> 0 | H66: =IF(H$33>=$F66,$E66*INDEX($F$10:$Z$10,MATCH(H$64-$F66,$F$9:$Z$9,0)),0) -> 0 | I66: =IF(I$33>=$F66,$E66*INDEX($F$10:$Z$10,MATCH(I$64-$F66,$F$9:$Z$9,0)),0) -> 0 | J66: =IF(J$33>=$F66,$E66*INDEX($F$10:$Z$10,MATCH(J$64-$F66,$F$9:$Z$9,0)),0) -> 0 | K66: =IF(K$33>=$F66,$E66*INDEX($F$10:$Z$10,MATCH(K$64-$F66,$F$9:$Z$9,0)),0) -> 0 | L66: =IF(L$33>=$F66,$E66*INDEX($F$10:$Z$10,MATCH(L$64-$F66,$F$9:$Z$9,0)),0) -> 0 | M66: =IF(M$33>=$F66,$E66*INDEX($F$10:$Z$10,MATCH(M$64-$F66,$F$9:$Z$9,0)),0) -> 0 | N66: =IF(N$33>=$F66,$E66*INDEX($F$10:$Z$10,MATCH(N$64-$F66,$F$9:$Z$9,0)),0) -> 0 | ... AA66: =IF(AA$33>=$F66,$E66*INDEX($F$10:$Z$10,MATCH(AA$64-$F66,$F$9:$Z$9,0)),0) -> 0 | AD66: 0 | AE66: 2090 | AF66: =IF(G$33>=$F66,$AD66-SUM($G66:G66),0) -> 0 | AG66: =IF(H$33>=$F66,$AD66-SUM($G66:H66),0) -> 0 | AH66: =IF(I$33>=$F66,$AD66-SUM($G66:I66),0) -> 0 | AI66: =IF(J$33>=$F66,$AD66-SUM($G66:J66),0) -> 0 | AJ66: =IF(K$33>=$F66,$AD66-SUM($G66:K66),0) -> 0 | AK66: =IF(L$33>=$F66,$AD66-SUM($G66:L66),0) -> 0 | AL66: =IF(M$33>=$F66,$AD66-SUM($G66:M66),0) -> 0 | AM66: =IF(N$33>=$F66,$AD66-SUM($G66:N66),0) -> 0 | ... AZ66: =IF(AA$33>=$F66,$AD66-SUM($G66:AA66),0) -> 0
B67: =B66+C67 -> 115.04703 | C67: =E36-E67 -> 115.04703 | D67: =D66+E67 -> 1000 | E67: =_xlfn.XLOOKUP(F67,$G$64:$AA$64,$G$86:$AA$86) -> 0 | F67: 2100 | G67: =IF(G$33>=$F67,$E67*INDEX($F$10:$Z$10,MATCH(G$64-$F67,$F$9:$Z$9,0)),0) -> 0 | H67: =IF(H$33>=$F67,$E67*INDEX($F$10:$Z$10,MATCH(H$64-$F67,$F$9:$Z$9,0)),0) -> 0 | I67: =IF(I$33>=$F67,$E67*INDEX($F$10:$Z$10,MATCH(I$64-$F67,$F$9:$Z$9,0)),0) -> 0 | J67: =IF(J$33>=$F67,$E67*INDEX($F$10:$Z$10,MATCH(J$64-$F67,$F$9:$Z$9,0)),0) -> 0 | K67: =IF(K$33>=$F67,$E67*INDEX($F$10:$Z$10,MATCH(K$64-$F67,$F$9:$Z$9,0)),0) -> 0 | L67: =IF(L$33>=$F67,$E67*INDEX($F$10:$Z$10,MATCH(L$64-$F67,$F$9:$Z$9,0)),0) -> 0 | M67: =IF(M$33>=$F67,$E67*INDEX($F$10:$Z$10,MATCH(M$64-$F67,$F$9:$Z$9,0)),0) -> 0 | N67: =IF(N$33>=$F67,$E67*INDEX($F$10:$Z$10,MATCH(N$64-$F67,$F$9:$Z$9,0)),0) -> 0 | ... AA67: =IF(AA$33>=$F67,$E67*INDEX($F$10:$Z$10,MATCH(AA$64-$F67,$F$9:$Z$9,0)),0) -> 0 | AD67: 0 | AE67: 2100 | AF67: =IF(G$33>=$F67,$AD67-SUM($G67:G67),0) -> 0 | AG67: =IF(H$33>=$F67,$AD67-SUM($G67:H67),0) -> 0 | AH67: =IF(I$33>=$F67,$AD67-SUM($G67:I67),0) -> 0 | AI67: =IF(J$33>=$F67,$AD67-SUM($G67:J67),0) -> 0 | AJ67: =IF(K$33>=$F67,$AD67-SUM($G67:K67),0) -> 0 | AK67: =IF(L$33>=$F67,$AD67-SUM($G67:L67),0) -> 0 | AL67: =IF(M$33>=$F67,$AD67-SUM($G67:M67),0) -> 0 | AM67: =IF(N$33>=$F67,$AD67-SUM($G67:N67),0) -> 0 | ... AZ67: =IF(AA$33>=$F67,$AD67-SUM($G67:AA67),0) -> 0
B68: =B67+C68 -> 372.89605 | C68: =E37-E68 -> 257.84901 | D68: =D67+E68 -> 1000 | E68: =_xlfn.XLOOKUP(F68,$G$64:$AA$64,$G$86:$AA$86) -> 0 | F68: 2110 | G68: =IF(G$33>=$F68,$E68*INDEX($F$10:$Z$10,MATCH(G$64-$F68,$F$9:$Z$9,0)),0) -> 0 | H68: =IF(H$33>=$F68,$E68*INDEX($F$10:$Z$10,MATCH(H$64-$F68,$F$9:$Z$9,0)),0) -> 0 | I68: =IF(I$33>=$F68,$E68*INDEX($F$10:$Z$10,MATCH(I$64-$F68,$F$9:$Z$9,0)),0) -> 0 | J68: =IF(J$33>=$F68,$E68*INDEX($F$10:$Z$10,MATCH(J$64-$F68,$F$9:$Z$9,0)),0) -> 0 | K68: =IF(K$33>=$F68,$E68*INDEX($F$10:$Z$10,MATCH(K$64-$F68,$F$9:$Z$9,0)),0) -> 0 | L68: =IF(L$33>=$F68,$E68*INDEX($F$10:$Z$10,MATCH(L$64-$F68,$F$9:$Z$9,0)),0) -> 0 | M68: =IF(M$33>=$F68,$E68*INDEX($F$10:$Z$10,MATCH(M$64-$F68,$F$9:$Z$9,0)),0) -> 0 | N68: =IF(N$33>=$F68,$E68*INDEX($F$10:$Z$10,MATCH(N$64-$F68,$F$9:$Z$9,0)),0) -> 0 | ... AA68: =IF(AA$33>=$F68,$E68*INDEX($F$10:$Z$10,MATCH(AA$64-$F68,$F$9:$Z$9,0)),0) -> 0 | AD68: 0 | AE68: 2110 | AF68: =IF(G$33>=$F68,$AD68-SUM($G68:G68),0) -> 0 | AG68: =IF(H$33>=$F68,$AD68-SUM($G68:H68),0) -> 0 | AH68: =IF(I$33>=$F68,$AD68-SUM($G68:I68),0) -> 0 | AI68: =IF(J$33>=$F68,$AD68-SUM($G68:J68),0) -> 0 | AJ68: =IF(K$33>=$F68,$AD68-SUM($G68:K68),0) -> 0 | AK68: =IF(L$33>=$F68,$AD68-SUM($G68:L68),0) -> 0 | AL68: =IF(M$33>=$F68,$AD68-SUM($G68:M68),0) -> 0 | AM68: =IF(N$33>=$F68,$AD68-SUM($G68:N68),0) -> 0 | ... AZ68: =IF(AA$33>=$F68,$AD68-SUM($G68:AA68),0) -> 0
B69: =B68+C69 -> 657.36568 | C69: =E38-E69 -> 284.46964 | D69: =D68+E69 -> 1000 | E69: =_xlfn.XLOOKUP(F69,$G$64:$AA$64,$G$86:$AA$86) -> 0 | F69: 2120 | G69: =IF(G$33>=$F69,$E69*INDEX($F$10:$Z$10,MATCH(G$64-$F69,$F$9:$Z$9,0)),0) -> 0 | H69: =IF(H$33>=$F69,$E69*INDEX($F$10:$Z$10,MATCH(H$64-$F69,$F$9:$Z$9,0)),0) -> 0 | I69: =IF(I$33>=$F69,$E69*INDEX($F$10:$Z$10,MATCH(I$64-$F69,$F$9:$Z$9,0)),0) -> 0 | J69: =IF(J$33>=$F69,$E69*INDEX($F$10:$Z$10,MATCH(J$64-$F69,$F$9:$Z$9,0)),0) -> 0 | K69: =IF(K$33>=$F69,$E69*INDEX($F$10:$Z$10,MATCH(K$64-$F69,$F$9:$Z$9,0)),0) -> 0 | L69: =IF(L$33>=$F69,$E69*INDEX($F$10:$Z$10,MATCH(L$64-$F69,$F$9:$Z$9,0)),0) -> 0 | M69: =IF(M$33>=$F69,$E69*INDEX($F$10:$Z$10,MATCH(M$64-$F69,$F$9:$Z$9,0)),0) -> 0 | N69: =IF(N$33>=$F69,$E69*INDEX($F$10:$Z$10,MATCH(N$64-$F69,$F$9:$Z$9,0)),0) -> 0 | ... AA69: =IF(AA$33>=$F69,$E69*INDEX($F$10:$Z$10,MATCH(AA$64-$F69,$F$9:$Z$9,0)),0) -> 0 | AD69: 0 | AE69: 2120 | AF69: =IF(G$33>=$F69,$AD69-SUM($G69:G69),0) -> 0 | AG69: =IF(H$33>=$F69,$AD69-SUM($G69:H69),0) -> 0 | AH69: =IF(I$33>=$F69,$AD69-SUM($G69:I69),0) -> 0 | AI69: =IF(J$33>=$F69,$AD69-SUM($G69:J69),0) -> 0 | AJ69: =IF(K$33>=$F69,$AD69-SUM($G69:K69),0) -> 0 | AK69: =IF(L$33>=$F69,$AD69-SUM($G69:L69),0) -> 0 | AL69: =IF(M$33>=$F69,$AD69-SUM($G69:M69),0) -> 0 | AM69: =IF(N$33>=$F69,$AD69-SUM($G69:N69),0) -> 0 | ... AZ69: =IF(AA$33>=$F69,$AD69-SUM($G69:AA69),0) -> 0
B70: =B69+C70 -> 910.79854 | C70: =E39-E70 -> 253.43285 | D70: =D69+E70 -> 1000 | E70: =_xlfn.XLOOKUP(F70,$G$64:$AA$64,$G$86:$AA$86) -> 0 | F70: 2130 | G70: =IF(G$33>=$F70,$E70*INDEX($F$10:$Z$10,MATCH(G$64-$F70,$F$9:$Z$9,0)),0) -> 0 | H70: =IF(H$33>=$F70,$E70*INDEX($F$10:$Z$10,MATCH(H$64-$F70,$F$9:$Z$9,0)),0) -> 0 | I70: =IF(I$33>=$F70,$E70*INDEX($F$10:$Z$10,MATCH(I$64-$F70,$F$9:$Z$9,0)),0) -> 0 | J70: =IF(J$33>=$F70,$E70*INDEX($F$10:$Z$10,MATCH(J$64-$F70,$F$9:$Z$9,0)),0) -> 0 | K70: =IF(K$33>=$F70,$E70*INDEX($F$10:$Z$10,MATCH(K$64-$F70,$F$9:$Z$9,0)),0) -> 0 | L70: =IF(L$33>=$F70,$E70*INDEX($F$10:$Z$10,MATCH(L$64-$F70,$F$9:$Z$9,0)),0) -> 0 | M70: =IF(M$33>=$F70,$E70*INDEX($F$10:$Z$10,MATCH(M$64-$F70,$F$9:$Z$9,0)),0) -> 0 | N70: =IF(N$33>=$F70,$E70*INDEX($F$10:$Z$10,MATCH(N$64-$F70,$F$9:$Z$9,0)),0) -> 0 | ... AA70: =IF(AA$33>=$F70,$E70*INDEX($F$10:$Z$10,MATCH(AA$64-$F70,$F$9:$Z$9,0)),0) -> 0 | AD70: 0 | AE70: 2130 | AF70: =IF(G$33>=$F70,$AD70-SUM($G70:G70),0) -> 0 | AG70: =IF(H$33>=$F70,$AD70-SUM($G70:H70),0) -> 0 | AH70: =IF(I$33>=$F70,$AD70-SUM($G70:I70),0) -> 0 | AI70: =IF(J$33>=$F70,$AD70-SUM($G70:J70),0) -> 0 | AJ70: =IF(K$33>=$F70,$AD70-SUM($G70:K70),0) -> 0 | AK70: =IF(L$33>=$F70,$AD70-SUM($G70:L70),0) -> 0 | AL70: =IF(M$33>=$F70,$AD70-SUM($G70:M70),0) -> 0 | AM70: =IF(N$33>=$F70,$AD70-SUM($G70:N70),0) -> 0 | ... AZ70: =IF(AA$33>=$F70,$AD70-SUM($G70:AA70),0) -> 0
B71: =B70+C71 -> 1028.9765 | C71: =E40-E71 -> 118.17799 | D71: =D70+E71 -> 1115.047 | E71: =_xlfn.XLOOKUP(F71,$G$64:$AA$64,$G$86:$AA$86) -> 115.04703 | F71: 2140 | G71: =IF(G$33>=$F71,$E71*INDEX($F$10:$Z$10,MATCH(G$64-$F71,$F$9:$Z$9,0)),0) -> 0 | H71: =IF(H$33>=$F71,$E71*INDEX($F$10:$Z$10,MATCH(H$64-$F71,$F$9:$Z$9,0)),0) -> 0 | I71: =IF(I$33>=$F71,$E71*INDEX($F$10:$Z$10,MATCH(I$64-$F71,$F$9:$Z$9,0)),0) -> 0 | J71: =IF(J$33>=$F71,$E71*INDEX($F$10:$Z$10,MATCH(J$64-$F71,$F$9:$Z$9,0)),0) -> 0 | K71: =IF(K$33>=$F71,$E71*INDEX($F$10:$Z$10,MATCH(K$64-$F71,$F$9:$Z$9,0)),0) -> 0 | L71: =IF(L$33>=$F71,$E71*INDEX($F$10:$Z$10,MATCH(L$64-$F71,$F$9:$Z$9,0)),0) -> 0 | M71: =IF(M$33>=$F71,$E71*INDEX($F$10:$Z$10,MATCH(M$64-$F71,$F$9:$Z$9,0)),0) -> 0 | N71: =IF(N$33>=$F71,$E71*INDEX($F$10:$Z$10,MATCH(N$64-$F71,$F$9:$Z$9,0)),0) -> 0 | ... AA71: =IF(AA$33>=$F71,$E71*INDEX($F$10:$Z$10,MATCH(AA$64-$F71,$F$9:$Z$9,0)),0) -> 0 | AD71: 115.04703 | AE71: 2140 | AF71: =IF(G$33>=$F71,$AD71-SUM($G71:G71),0) -> 0 | AG71: =IF(H$33>=$F71,$AD71-SUM($G71:H71),0) -> 0 | AH71: =IF(I$33>=$F71,$AD71-SUM($G71:I71),0) -> 0 | AI71: =IF(J$33>=$F71,$AD71-SUM($G71:J71),0) -> 0 | AJ71: =IF(K$33>=$F71,$AD71-SUM($G71:K71),0) -> 0 | AK71: =IF(L$33>=$F71,$AD71-SUM($G71:L71),0) -> 0 | AL71: =IF(M$33>=$F71,$AD71-SUM($G71:M71),0) -> 115.04703 | AM71: =IF(N$33>=$F71,$AD71-SUM($G71:N71),0) -> 115.04703 | ... AZ71: =IF(AA$33>=$F71,$AD71-SUM($G71:AA71),0) -> 0.020402038
B72: =B71+C72 -> 1007.5592 | C72: =E41-E72 -> -21.417326 | D72: =D71+E72 -> 1372.896 | E72: =_xlfn.XLOOKUP(F72,$G$64:$AA$64,$G$86:$AA$86) -> 257.84901 | F72: 2150 | G72: =IF(G$33>=$F72,$E72*INDEX($F$10:$Z$10,MATCH(G$64-$F72,$F$9:$Z$9,0)),0) -> 0 | H72: =IF(H$33>=$F72,$E72*INDEX($F$10:$Z$10,MATCH(H$64-$F72,$F$9:$Z$9,0)),0) -> 0 | I72: =IF(I$33>=$F72,$E72*INDEX($F$10:$Z$10,MATCH(I$64-$F72,$F$9:$Z$9,0)),0) -> 0 | J72: =IF(J$33>=$F72,$E72*INDEX($F$10:$Z$10,MATCH(J$64-$F72,$F$9:$Z$9,0)),0) -> 0 | K72: =IF(K$33>=$F72,$E72*INDEX($F$10:$Z$10,MATCH(K$64-$F72,$F$9:$Z$9,0)),0) -> 0 | L72: =IF(L$33>=$F72,$E72*INDEX($F$10:$Z$10,MATCH(L$64-$F72,$F$9:$Z$9,0)),0) -> 0 | M72: =IF(M$33>=$F72,$E72*INDEX($F$10:$Z$10,MATCH(M$64-$F72,$F$9:$Z$9,0)),0) -> 0 | N72: =IF(N$33>=$F72,$E72*INDEX($F$10:$Z$10,MATCH(N$64-$F72,$F$9:$Z$9,0)),0) -> 0 | ... AA72: =IF(AA$33>=$F72,$E72*INDEX($F$10:$Z$10,MATCH(AA$64-$F72,$F$9:$Z$9,0)),0) -> 1.031396 | AD72: 257.84901 | AE72: 2150 | AF72: =IF(G$33>=$F72,$AD72-SUM($G72:G72),0) -> 0 | AG72: =IF(H$33>=$F72,$AD72-SUM($G72:H72),0) -> 0 | AH72: =IF(I$33>=$F72,$AD72-SUM($G72:I72),0) -> 0 | AI72: =IF(J$33>=$F72,$AD72-SUM($G72:J72),0) -> 0 | AJ72: =IF(K$33>=$F72,$AD72-SUM($G72:K72),0) -> 0 | AK72: =IF(L$33>=$F72,$AD72-SUM($G72:L72),0) -> 0 | AL72: =IF(M$33>=$F72,$AD72-SUM($G72:M72),0) -> 0 | AM72: =IF(N$33>=$F72,$AD72-SUM($G72:N72),0) -> 257.84901 | ... AZ72: =IF(AA$33>=$F72,$AD72-SUM($G72:AA72),0) -> 0.045726041
B73: =B72+C73 -> 980.66561 | C73: =E42-E73 -> -26.89359 | D73: =D72+E73 -> 1644.1299 | E73: =_xlfn.XLOOKUP(F73,$G$64:$AA$64,$G$86:$AA$86) -> 271.23382 | F73: 2160 | G73: =IF(G$33>=$F73,$E73*INDEX($F$10:$Z$10,MATCH(G$64-$F73,$F$9:$Z$9,0)),0) -> 0 | H73: =IF(H$33>=$F73,$E73*INDEX($F$10:$Z$10,MATCH(H$64-$F73,$F$9:$Z$9,0)),0) -> 0 | I73: =IF(I$33>=$F73,$E73*INDEX($F$10:$Z$10,MATCH(I$64-$F73,$F$9:$Z$9,0)),0) -> 0 | J73: =IF(J$33>=$F73,$E73*INDEX($F$10:$Z$10,MATCH(J$64-$F73,$F$9:$Z$9,0)),0) -> 0 | K73: =IF(K$33>=$F73,$E73*INDEX($F$10:$Z$10,MATCH(K$64-$F73,$F$9:$Z$9,0)),0) -> 0 | L73: =IF(L$33>=$F73,$E73*INDEX($F$10:$Z$10,MATCH(L$64-$F73,$F$9:$Z$9,0)),0) -> 0 | M73: =IF(M$33>=$F73,$E73*INDEX($F$10:$Z$10,MATCH(M$64-$F73,$F$9:$Z$9,0)),0) -> 0 | N73: =IF(N$33>=$F73,$E73*INDEX($F$10:$Z$10,MATCH(N$64-$F73,$F$9:$Z$9,0)),0) -> 0 | ... AA73: =IF(AA$33>=$F73,$E73*INDEX($F$10:$Z$10,MATCH(AA$64-$F73,$F$9:$Z$9,0)),0) -> 3.5602709 | AD73: 271.23382 | AE73: 2160 | AF73: =IF(G$33>=$F73,$AD73-SUM($G73:G73),0) -> 0 | AG73: =IF(H$33>=$F73,$AD73-SUM($G73:H73),0) -> 0 | AH73: =IF(I$33>=$F73,$AD73-SUM($G73:I73),0) -> 0 | AI73: =IF(J$33>=$F73,$AD73-SUM($G73:J73),0) -> 0 | AJ73: =IF(K$33>=$F73,$AD73-SUM($G73:K73),0) -> 0 | AK73: =IF(L$33>=$F73,$AD73-SUM($G73:L73),0) -> 0 | AL73: =IF(M$33>=$F73,$AD73-SUM($G73:M73),0) -> 0 | AM73: =IF(N$33>=$F73,$AD73-SUM($G73:N73),0) -> 0 | ... AZ73: =IF(AA$33>=$F73,$AD73-SUM($G73:AA73),0) -> 1.1330349
B74: =B73+C74 -> 1033.1571 | C74: =E43-E74 -> 52.491439 | D74: =D73+E74 -> 1838.2332 | E74: =_xlfn.XLOOKUP(F74,$G$64:$AA$64,$G$86:$AA$86) -> 194.10333 | F74: 2170 | G74: =IF(G$33>=$F74,$E74*INDEX($F$10:$Z$10,MATCH(G$64-$F74,$F$9:$Z$9,0)),0) -> 0 | H74: =IF(H$33>=$F74,$E74*INDEX($F$10:$Z$10,MATCH(H$64-$F74,$F$9:$Z$9,0)),0) -> 0 | I74: =IF(I$33>=$F74,$E74*INDEX($F$10:$Z$10,MATCH(I$64-$F74,$F$9:$Z$9,0)),0) -> 0 | J74: =IF(J$33>=$F74,$E74*INDEX($F$10:$Z$10,MATCH(J$64-$F74,$F$9:$Z$9,0)),0) -> 0 | K74: =IF(K$33>=$F74,$E74*INDEX($F$10:$Z$10,MATCH(K$64-$F74,$F$9:$Z$9,0)),0) -> 0 | L74: =IF(L$33>=$F74,$E74*INDEX($F$10:$Z$10,MATCH(L$64-$F74,$F$9:$Z$9,0)),0) -> 0 | M74: =IF(M$33>=$F74,$E74*INDEX($F$10:$Z$10,MATCH(M$64-$F74,$F$9:$Z$9,0)),0) -> 0 | N74: =IF(N$33>=$F74,$E74*INDEX($F$10:$Z$10,MATCH(N$64-$F74,$F$9:$Z$9,0)),0) -> 0 | ... AA74: =IF(AA$33>=$F74,$E74*INDEX($F$10:$Z$10,MATCH(AA$64-$F74,$F$9:$Z$9,0)),0) -> 8.0856438 | AD74: 194.10333 | AE74: 2170 | AF74: =IF(G$33>=$F74,$AD74-SUM($G74:G74),0) -> 0 | AG74: =IF(H$33>=$F74,$AD74-SUM($G74:H74),0) -> 0 | AH74: =IF(I$33>=$F74,$AD74-SUM($G74:I74),0) -> 0 | AI74: =IF(J$33>=$F74,$AD74-SUM($G74:J74),0) -> 0 | AJ74: =IF(K$33>=$F74,$AD74-SUM($G74:K74),0) -> 0 | AK74: =IF(L$33>=$F74,$AD74-SUM($G74:L74),0) -> 0 | AL74: =IF(M$33>=$F74,$AD74-SUM($G74:M74),0) -> 0 | AM74: =IF(N$33>=$F74,$AD74-SUM($G74:N74),0) -> 0 | ... AZ74: =IF(AA$33>=$F74,$AD74-SUM($G74:AA74),0) -> 3.3586751
B75: =B74+C75 -> 1173.3718 | C75: =E44-E75 -> 140.21472 | D75: =D74+E75 -> 1941.0401 | E75: =_xlfn.XLOOKUP(F75,$G$64:$AA$64,$G$86:$AA$86) -> 102.80688 | F75: 2180 | G75: =IF(G$33>=$F75,$E75*INDEX($F$10:$Z$10,MATCH(G$64-$F75,$F$9:$Z$9,0)),0) -> 0 | H75: =IF(H$33>=$F75,$E75*INDEX($F$10:$Z$10,MATCH(H$64-$F75,$F$9:$Z$9,0)),0) -> 0 | I75: =IF(I$33>=$F75,$E75*INDEX($F$10:$Z$10,MATCH(I$64-$F75,$F$9:$Z$9,0)),0) -> 0 | J75: =IF(J$33>=$F75,$E75*INDEX($F$10:$Z$10,MATCH(J$64-$F75,$F$9:$Z$9,0)),0) -> 0 | K75: =IF(K$33>=$F75,$E75*INDEX($F$10:$Z$10,MATCH(K$64-$F75,$F$9:$Z$9,0)),0) -> 0 | L75: =IF(L$33>=$F75,$E75*INDEX($F$10:$Z$10,MATCH(L$64-$F75,$F$9:$Z$9,0)),0) -> 0 | M75: =IF(M$33>=$F75,$E75*INDEX($F$10:$Z$10,MATCH(M$64-$F75,$F$9:$Z$9,0)),0) -> 0 | N75: =IF(N$33>=$F75,$E75*INDEX($F$10:$Z$10,MATCH(N$64-$F75,$F$9:$Z$9,0)),0) -> 0 | ... AA75: =IF(AA$33>=$F75,$E75*INDEX($F$10:$Z$10,MATCH(AA$64-$F75,$F$9:$Z$9,0)),0) -> 10.569254 | AD75: 102.80688 | AE75: 2180 | AF75: =IF(G$33>=$F75,$AD75-SUM($G75:G75),0) -> 0 | AG75: =IF(H$33>=$F75,$AD75-SUM($G75:H75),0) -> 0 | AH75: =IF(I$33>=$F75,$AD75-SUM($G75:I75),0) -> 0 | AI75: =IF(J$33>=$F75,$AD75-SUM($G75:J75),0) -> 0 | AJ75: =IF(K$33>=$F75,$AD75-SUM($G75:K75),0) -> 0 | AK75: =IF(L$33>=$F75,$AD75-SUM($G75:L75),0) -> 0 | AL75: =IF(M$33>=$F75,$AD75-SUM($G75:M75),0) -> 0 | AM75: =IF(N$33>=$F75,$AD75-SUM($G75:N75),0) -> 0 | ... AZ75: =IF(AA$33>=$F75,$AD75-SUM($G75:AA75),0) -> 6.0614866
B76: =B75+C76 -> 1374.2357 | C76: =E45-E76 -> 200.8639 | D76: =D75+E76 -> 1982.6965 | E76: =_xlfn.XLOOKUP(F76,$G$64:$AA$64,$G$86:$AA$86) -> 41.65639 | F76: 2190 | G76: =IF(G$33>=$F76,$E76*INDEX($F$10:$Z$10,MATCH(G$64-$F76,$F$9:$Z$9,0)),0) -> 0 | H76: =IF(H$33>=$F76,$E76*INDEX($F$10:$Z$10,MATCH(H$64-$F76,$F$9:$Z$9,0)),0) -> 0 | I76: =IF(I$33>=$F76,$E76*INDEX($F$10:$Z$10,MATCH(I$64-$F76,$F$9:$Z$9,0)),0) -> 0 | J76: =IF(J$33>=$F76,$E76*INDEX($F$10:$Z$10,MATCH(J$64-$F76,$F$9:$Z$9,0)),0) -> 0 | K76: =IF(K$33>=$F76,$E76*INDEX($F$10:$Z$10,MATCH(K$64-$F76,$F$9:$Z$9,0)),0) -> 0 | L76: =IF(L$33>=$F76,$E76*INDEX($F$10:$Z$10,MATCH(L$64-$F76,$F$9:$Z$9,0)),0) -> 0 | M76: =IF(M$33>=$F76,$E76*INDEX($F$10:$Z$10,MATCH(M$64-$F76,$F$9:$Z$9,0)),0) -> 0 | N76: =IF(N$33>=$F76,$E76*INDEX($F$10:$Z$10,MATCH(N$64-$F76,$F$9:$Z$9,0)),0) -> 0 | ... AA76: =IF(AA$33>=$F76,$E76*INDEX($F$10:$Z$10,MATCH(AA$64-$F76,$F$9:$Z$9,0)),0) -> 8.0856438 | AD76: 41.65639 | AE76: 2190 | AF76: =IF(G$33>=$F76,$AD76-SUM($G76:G76),0) -> 0 | AG76: =IF(H$33>=$F76,$AD76-SUM($G76:H76),0) -> 0 | AH76: =IF(I$33>=$F76,$AD76-SUM($G76:I76),0) -> 0 | AI76: =IF(J$33>=$F76,$AD76-SUM($G76:J76),0) -> 0 | AJ76: =IF(K$33>=$F76,$AD76-SUM($G76:K76),0) -> 0 | AK76: =IF(L$33>=$F76,$AD76-SUM($G76:L76),0) -> 0 | AL76: =IF(M$33>=$F76,$AD76-SUM($G76:M76),0) -> 0 | AM76: =IF(N$33>=$F76,$AD76-SUM($G76:N76),0) -> 0 | ... AZ76: =IF(AA$33>=$F76,$AD76-SUM($G76:AA76),0) -> 6.7386213
B77: =B76+C77 -> 1590.8819 | C77: =E46-E77 -> 216.64625 | D77: =D76+E77 -> 2009.0585 | E77: =_xlfn.XLOOKUP(F77,$G$64:$AA$64,$G$86:$AA$86) -> 26.362026 | F77: 2200 | G77: =IF(G$33>=$F77,$E77*INDEX($F$10:$Z$10,MATCH(G$64-$F77,$F$9:$Z$9,0)),0) -> 0 | H77: =IF(H$33>=$F77,$E77*INDEX($F$10:$Z$10,MATCH(H$64-$F77,$F$9:$Z$9,0)),0) -> 0 | I77: =IF(I$33>=$F77,$E77*INDEX($F$10:$Z$10,MATCH(I$64-$F77,$F$9:$Z$9,0)),0) -> 0 | J77: =IF(J$33>=$F77,$E77*INDEX($F$10:$Z$10,MATCH(J$64-$F77,$F$9:$Z$9,0)),0) -> 0 | K77: =IF(K$33>=$F77,$E77*INDEX($F$10:$Z$10,MATCH(K$64-$F77,$F$9:$Z$9,0)),0) -> 0 | L77: =IF(L$33>=$F77,$E77*INDEX($F$10:$Z$10,MATCH(L$64-$F77,$F$9:$Z$9,0)),0) -> 0 | M77: =IF(M$33>=$F77,$E77*INDEX($F$10:$Z$10,MATCH(M$64-$F77,$F$9:$Z$9,0)),0) -> 0 | N77: =IF(N$33>=$F77,$E77*INDEX($F$10:$Z$10,MATCH(N$64-$F77,$F$9:$Z$9,0)),0) -> 0 | ... AA77: =IF(AA$33>=$F77,$E77*INDEX($F$10:$Z$10,MATCH(AA$64-$F77,$F$9:$Z$9,0)),0) -> 7.1502728 | AD77: 26.362026 | AE77: 2200 | AF77: =IF(G$33>=$F77,$AD77-SUM($G77:G77),0) -> 0 | AG77: =IF(H$33>=$F77,$AD77-SUM($G77:H77),0) -> 0 | AH77: =IF(I$33>=$F77,$AD77-SUM($G77:I77),0) -> 0 | AI77: =IF(J$33>=$F77,$AD77-SUM($G77:J77),0) -> 0 | AJ77: =IF(K$33>=$F77,$AD77-SUM($G77:K77),0) -> 0 | AK77: =IF(L$33>=$F77,$AD77-SUM($G77:L77),0) -> 0 | AL77: =IF(M$33>=$F77,$AD77-SUM($G77:M77),0) -> 0 | AM77: =IF(N$33>=$F77,$AD77-SUM($G77:N77),0) -> 0 | ... AZ77: =IF(AA$33>=$F77,$AD77-SUM($G77:AA77),0) -> 9.3814577
... B85: =B84+C85 -> 2524.9659 | C85: =E54-E85 -> 173.49476 | D85: =D84+E85 -> 3020.5861 | E85: =_xlfn.XLOOKUP(F85,$G$64:$AA$64,$G$86:$AA$86) -> 69.640972 | F85: 2280 | G85: =IF(G$33>=$F85,$E85*INDEX($F$10:$Z$10,MATCH(G$64-$F85,$F$9:$Z$9,0)),0) -> 0 | H85: =IF(H$33>=$F85,$E85*INDEX($F$10:$Z$10,MATCH(H$64-$F85,$F$9:$Z$9,0)),0) -> 0 | I85: =IF(I$33>=$F85,$E85*INDEX($F$10:$Z$10,MATCH(I$64-$F85,$F$9:$Z$9,0)),0) -> 0 | J85: =IF(J$33>=$F85,$E85*INDEX($F$10:$Z$10,MATCH(J$64-$F85,$F$9:$Z$9,0)),0) -> 0 | K85: =IF(K$33>=$F85,$E85*INDEX($F$10:$Z$10,MATCH(K$64-$F85,$F$9:$Z$9,0)),0) -> 0 | L85: =IF(L$33>=$F85,$E85*INDEX($F$10:$Z$10,MATCH(L$64-$F85,$F$9:$Z$9,0)),0) -> 0 | M85: =IF(M$33>=$F85,$E85*INDEX($F$10:$Z$10,MATCH(M$64-$F85,$F$9:$Z$9,0)),0) -> 0 | N85: =IF(N$33>=$F85,$E85*INDEX($F$10:$Z$10,MATCH(N$64-$F85,$F$9:$Z$9,0)),0) -> 0 | ... AA85: =IF(AA$33>=$F85,$E85*INDEX($F$10:$Z$10,MATCH(AA$64-$F85,$F$9:$Z$9,0)),0) -> 0 | AD85: 69.640972 | AE85: 2280 | AF85: =IF(G$33>=$F85,$AD85-SUM($G85:G85),0) -> 0 | AG85: =IF(H$33>=$F85,$AD85-SUM($G85:H85),0) -> 0 | AH85: =IF(I$33>=$F85,$AD85-SUM($G85:I85),0) -> 0 | AI85: =IF(J$33>=$F85,$AD85-SUM($G85:J85),0) -> 0 | AJ85: =IF(K$33>=$F85,$AD85-SUM($G85:K85),0) -> 0 | AK85: =IF(L$33>=$F85,$AD85-SUM($G85:L85),0) -> 0 | AL85: =IF(M$33>=$F85,$AD85-SUM($G85:M85),0) -> 0 | AM85: =IF(N$33>=$F85,$AD85-SUM($G85:N85),0) -> 0 | ... AZ85: =IF(AA$33>=$F85,$AD85-SUM($G85:AA85),0) -> 69.640972
C86: =SUM(C65:C85) -> 2524.9659 | E86: =SUM(E64:E85) -> 3020.5861 | F86: TOTAL | G86: =SUM(G65:G85) -> 0 | H86: =SUM(H65:H85) -> 0 | I86: =SUM(I65:I85) -> 0 | J86: =SUM(J65:J85) -> 0 | K86: =SUM(K65:K85) -> 0 | L86: =SUM(L65:L85) -> 0 | M86: =SUM(M65:M85) -> 115.04703 | N86: =SUM(N65:N85) -> 257.84901 | ... AA86: =SUM(AA65:AA85) -> 69.640972 | AD86: =SUM(AD64:AD85) -> 3020.5861 | AE86: TOTAL | AF86: =SUM(AF65:AF85) -> 1000 | AG86: =SUM(AG65:AG85) -> 1000 | AH86: =SUM(AH65:AH85) -> 1000 | AI86: =SUM(AI65:AI85) -> 1000 | AJ86: =SUM(AJ65:AJ85) -> 1000 | AK86: =SUM(AK65:AK85) -> 1000 | AL86: =SUM(AL65:AL85) -> 1000 | AM86: =SUM(AM65:AM85) -> 1000 | ... AZ86: =SUM(AZ65:AZ85) -> 1000

Sheet Hummus Town, build more
E1: Building Designers in Hummus Town want to explore what would happen if they make their buildings last longer.
E2: They 'guesstimate' how many homes they will build in the future instead of assuming a growth rate (cells E34:E54)
E3: Change the "Years Shifted Later" cell. Can also change the number (#) built each decade.
B5: Weibull Parameters | E5: Candy Town Lifespan Distribution
B6: shift | C6: =shift_orig -> 10 | E6: Lifespan | F6: 0 | G6: 10 | H6: 20 | I6: 30 | J6: 40 | K6: 50 | L6: 60 | M6: 70 | N6: 80 | O6: 90 | P6: 100 | Q6: 110 | R6: 120 | S6: 130 | T6: 140 | U6: 150 | V6: 160 | W6: 170 | X6: 180 | Y6: 190 | Z6: 200
B7: shape | C7: =shape_orig -> 2 | E7: Cumul. % | F7: =IF(F$6<shift_orig,0,_xlfn.WEIBULL.DIST(F$6-shift_orig,shape_orig,scale_orig,TRUE)) -> 0 | G7: =IF(G$6<shift_orig,0,_xlfn.WEIBULL.DIST(G$6-shift_orig,shape_orig,scale_orig,TRUE)) -> 0 | H7: =IF(H$6<shift_orig,0,_xlfn.WEIBULL.DIST(H$6-shift_orig,shape_orig,scale_orig,TRUE)) -> 0.10516068 | I7: =IF(I$6<shift_orig,0,_xlfn.WEIBULL.DIST(I$6-shift_orig,shape_orig,scale_orig,TRUE)) -> 0.35881961 | J7: =IF(J$6<shift_orig,0,_xlfn.WEIBULL.DIST(J$6-shift_orig,shape_orig,scale_orig,TRUE)) -> 0.63212056 | K7: =IF(K$6<shift_orig,0,_xlfn.WEIBULL.DIST(K$6-shift_orig,shape_orig,scale_orig,TRUE)) -> 0.83098668 | L7: =IF(L$6<shift_orig,0,_xlfn.WEIBULL.DIST(L$6-shift_orig,shape_orig,scale_orig,TRUE)) -> 0.93782348 | M7: =IF(M$6<shift_orig,0,_xlfn.WEIBULL.DIST(M$6-shift_orig,shape_orig,scale_orig,TRUE)) -> 0.98168436 | ... Z7: =IF(Z$6<shift_orig,0,_xlfn.WEIBULL.DIST(Z$6-shift_orig,shape_orig,scale_orig,TRUE)) -> 1
B8: scale | C8: =scale_orig -> 30 | E8: Discrete % | F8: 0 | G8: =G7-F7 -> 0 | H8: =H7-G7 -> 0.10516068 | I8: =I7-H7 -> 0.25365893 | J8: =J7-I7 -> 0.27330095 | K8: =K7-J7 -> 0.19886613 | L8: =L7-K7 -> 0.10683679 | M8: =M7-L7 -> 0.043860885 | N8: =N7-M7 -> 0.013995399 | ... Z8: =Z7-Y7 -> 0
E10: Years Shifted Later: | G10: 40 | H10: (must be multiple of 10)
E11: Hummus Town Longer Lifespan Distribution
E12: Lifespan | F12: 0 | G12: 10 | H12: 20 | I12: 30 | J12: 40 | K12: 50 | L12: 60 | M12: 70 | N12: 80 | O12: 90 | P12: 100 | Q12: 110 | R12: 120 | S12: 130 | T12: 140 | U12: 150 | V12: 160 | W12: 170 | X12: 180 | Y12: 190 | Z12: 200
E13: Percent | F13: =IFERROR(INDEX($F$8:$O$8,MATCH(F$12-$G$10,$F$6:$O$6,0)),0) -> 0 | G13: =IFERROR(INDEX($F$8:$O$8,MATCH(G$12-$G$10,$F$6:$O$6,0)),0) -> 0 | H13: =IFERROR(INDEX($F$8:$O$8,MATCH(H$12-$G$10,$F$6:$O$6,0)),0) -> 0 | I13: =IFERROR(INDEX($F$8:$O$8,MATCH(I$12-$G$10,$F$6:$O$6,0)),0) -> 0 | J13: =IFERROR(INDEX($F$8:$O$8,MATCH(J$12-$G$10,$F$6:$O$6,0)),0) -> 0 | K13: =IFERROR(INDEX($F$8:$O$8,MATCH(K$12-$G$10,$F$6:$O$6,0)),0) -> 0 | L13: =IFERROR(INDEX($F$8:$O$8,MATCH(L$12-$G$10,$F$6:$O$6,0)),0) -> 0.10516068 | M13: =IFERROR(INDEX($F$8:$O$8,MATCH(M$12-$G$10,$F$6:$O$6,0)),0) -> 0.25365893 | ... Z13: =IFERROR(INDEX($F$8:$O$8,MATCH(Z$12-$G$10,$F$6:$O$6,0)),0) -> 0
G31: Hummus Town House Demolitions, Using Candy Town Lifespan Distribution | AF31: Hummus Town House Stock, Using Candy Town Lifespan Distribution
G32: Year House Demolished | AF32: Year House in Stock
E33: # Built | F33: Year Built | G33: 2080 | H33: 2090 | I33: 2100 | J33: 2110 | K33: 2120 | L33: 2130 | M33: 2140 | N33: 2150 | O33: 2160 | P33: 2170 | Q33: 2180 | R33: 2190 | S33: 2200 | T33: 2210 | U33: 2220 | V33: 2230 | W33: 2240 | X33: 2250 | Y33: 2260 | Z33: 2270 | AA33: 2280 | AD33: # Built | AE33: Year Built | AF33: 2080 | AG33: 2090 | AH33: 2100 | AI33: 2110 | AJ33: 2120 | AK33: 2130 | AL33: 2140 | AM33: 2150 | AN33: 2160 | AO33: 2170 | AP33: 2180 | AQ33: 2190 | AR33: 2200 | AS33: 2210 | AT33: 2220 | AU33: 2230 | AV33: 2240 | AW33: 2250 | AX33: 2260 | AY33: 2270 | AZ33: 2280
E34: 100 | F34: 2080 | G34: =IF(G$60>=$F34,$E34*INDEX($F$8:$Z$8,MATCH(G$60-$F34,$F$6:$Z$6,0)),0) -> 0 | H34: =IF(H$60>=$F34,$E34*INDEX($F$8:$Z$8,MATCH(H$60-$F34,$F$6:$Z$6,0)),0) -> 0 | I34: =IF(I$60>=$F34,$E34*INDEX($F$8:$Z$8,MATCH(I$60-$F34,$F$6:$Z$6,0)),0) -> 10.516068 | J34: =IF(J$60>=$F34,$E34*INDEX($F$8:$Z$8,MATCH(J$60-$F34,$F$6:$Z$6,0)),0) -> 25.365893 | K34: =IF(K$60>=$F34,$E34*INDEX($F$8:$Z$8,MATCH(K$60-$F34,$F$6:$Z$6,0)),0) -> 27.330095 | L34: =IF(L$60>=$F34,$E34*INDEX($F$8:$Z$8,MATCH(L$60-$F34,$F$6:$Z$6,0)),0) -> 19.886613 | M34: =IF(M$60>=$F34,$E34*INDEX($F$8:$Z$8,MATCH(M$60-$F34,$F$6:$Z$6,0)),0) -> 10.683679 | N34: =IF(N$60>=$F34,$E34*INDEX($F$8:$Z$8,MATCH(N$60-$F34,$F$6:$Z$6,0)),0) -> 4.3860885 | ... AA34: =IF(AA$60>=$F34,$E34*INDEX($F$8:$Z$8,MATCH(AA$60-$F34,$F$6:$Z$6,0)),0) -> 0 | AD34: {=$E$34:$E$54} -> 100 | AE34: 2080 | AF34: =IF(G$33>=$F34,$AD34-SUM($G34:G34),0) -> 100 | AG34: =IF(H$33>=$F34,$AD34-SUM($G34:H34),0) -> 100 | AH34: =IF(I$33>=$F34,$AD34-SUM($G34:I34),0) -> 89.483932 | AI34: =IF(J$33>=$F34,$AD34-SUM($G34:J34),0) -> 64.118039 | AJ34: =IF(K$33>=$F34,$AD34-SUM($G34:K34),0) -> 36.787944 | AK34: =IF(L$33>=$F34,$AD34-SUM($G34:L34),0) -> 16.901332 | AL34: =IF(M$33>=$F34,$AD34-SUM($G34:M34),0) -> 6.2176524 | AM34: =IF(N$33>=$F34,$AD34-SUM($G34:N34),0) -> 1.8315639 | ... AZ34: =IF(AA$33>=$F34,$AD34-SUM($G34:AA34),0) -> 1.4210855e-14
E35: 200 | F35: 2090 | G35: =IF(G$60>=$F35,$E35*INDEX($F$8:$Z$8,MATCH(G$60-$F35,$F$6:$Z$6,0)),0) -> 0 | H35: =IF(H$60>=$F35,$E35*INDEX($F$8:$Z$8,MATCH(H$60-$F35,$F$6:$Z$6,0)),0) -> 0 | I35: =IF(I$60>=$F35,$E35*INDEX($F$8:$Z$8,MATCH(I$60-$F35,$F$6:$Z$6,0)),0) -> 0 | J35: =IF(J$60>=$F35,$E35*INDEX($F$8:$Z$8,MATCH(J$60-$F35,$F$6:$Z$6,0)),0) -> 21.032137 | K35: =IF(K$60>=$F35,$E35*INDEX($F$8:$Z$8,MATCH(K$60-$F35,$F$6:$Z$6,0)),0) -> 50.731786 | L35: =IF(L$60>=$F35,$E35*INDEX($F$8:$Z$8,MATCH(L$60-$F35,$F$6:$Z$6,0)),0) -> 54.660189 | M35: =IF(M$60>=$F35,$E35*INDEX($F$8:$Z$8,MATCH(M$60-$F35,$F$6:$Z$6,0)),0) -> 39.773225 | N35: =IF(N$60>=$F35,$E35*INDEX($F$8:$Z$8,MATCH(N$60-$F35,$F$6:$Z$6,0)),0) -> 21.367358 | ... AA35: =IF(AA$60>=$F35,$E35*INDEX($F$8:$Z$8,MATCH(AA$60-$F35,$F$6:$Z$6,0)),0) -> 2.220446e-12 | AD35: 200 | AE35: 2090 | AF35: =IF(G$33>=$F35,$AD35-SUM($G35:G35),0) -> 0 | AG35: =IF(H$33>=$F35,$AD35-SUM($G35:H35),0) -> 200 | AH35: =IF(I$33>=$F35,$AD35-SUM($G35:I35),0) -> 200 | AI35: =IF(J$33>=$F35,$AD35-SUM($G35:J35),0) -> 178.96786 | AJ35: =IF(K$33>=$F35,$AD35-SUM($G35:K35),0) -> 128.23608 | AK35: =IF(L$33>=$F35,$AD35-SUM($G35:L35),0) -> 73.575888 | AL35: =IF(M$33>=$F35,$AD35-SUM($G35:M35),0) -> 33.802663 | AM35: =IF(N$33>=$F35,$AD35-SUM($G35:N35),0) -> 12.435305 | ... AZ35: =IF(AA$33>=$F35,$AD35-SUM($G35:AA35),0) -> 2.8421709e-14
E36: 300 | F36: 2100 | G36: =IF(G$60>=$F36,$E36*INDEX($F$8:$Z$8,MATCH(G$60-$F36,$F$6:$Z$6,0)),0) -> 0 | H36: =IF(H$60>=$F36,$E36*INDEX($F$8:$Z$8,MATCH(H$60-$F36,$F$6:$Z$6,0)),0) -> 0 | I36: =IF(I$60>=$F36,$E36*INDEX($F$8:$Z$8,MATCH(I$60-$F36,$F$6:$Z$6,0)),0) -> 0 | J36: =IF(J$60>=$F36,$E36*INDEX($F$8:$Z$8,MATCH(J$60-$F36,$F$6:$Z$6,0)),0) -> 0 | K36: =IF(K$60>=$F36,$E36*INDEX($F$8:$Z$8,MATCH(K$60-$F36,$F$6:$Z$6,0)),0) -> 31.548205 | L36: =IF(L$60>=$F36,$E36*INDEX($F$8:$Z$8,MATCH(L$60-$F36,$F$6:$Z$6,0)),0) -> 76.097679 | M36: =IF(M$60>=$F36,$E36*INDEX($F$8:$Z$8,MATCH(M$60-$F36,$F$6:$Z$6,0)),0) -> 81.990284 | N36: =IF(N$60>=$F36,$E36*INDEX($F$8:$Z$8,MATCH(N$60-$F36,$F$6:$Z$6,0)),0) -> 59.659838 | ... AA36: =IF(AA$60>=$F36,$E36*INDEX($F$8:$Z$8,MATCH(AA$60-$F36,$F$6:$Z$6,0)),0) -> 1.2959633e-10 | AD36: 300 | AE36: 2100 | AF36: =IF(G$33>=$F36,$AD36-SUM($G36:G36),0) -> 0 | AG36: =IF(H$33>=$F36,$AD36-SUM($G36:H36),0) -> 0 | AH36: =IF(I$33>=$F36,$AD36-SUM($G36:I36),0) -> 300 | AI36: =IF(J$33>=$F36,$AD36-SUM($G36:J36),0) -> 300 | AJ36: =IF(K$33>=$F36,$AD36-SUM($G36:K36),0) -> 268.4518 | AK36: =IF(L$33>=$F36,$AD36-SUM($G36:L36),0) -> 192.35412 | AL36: =IF(M$33>=$F36,$AD36-SUM($G36:M36),0) -> 110.36383 | AM36: =IF(N$33>=$F36,$AD36-SUM($G36:N36),0) -> 50.703995 | ... AZ36: =IF(AA$33>=$F36,$AD36-SUM($G36:AA36),0) -> 3.2969183e-12
E37: 400 | F37: 2110 | G37: =IF(G$60>=$F37,$E37*INDEX($F$8:$Z$8,MATCH(G$60-$F37,$F$6:$Z$6,0)),0) -> 0 | H37: =IF(H$60>=$F37,$E37*INDEX($F$8:$Z$8,MATCH(H$60-$F37,$F$6:$Z$6,0)),0) -> 0 | I37: =IF(I$60>=$F37,$E37*INDEX($F$8:$Z$8,MATCH(I$60-$F37,$F$6:$Z$6,0)),0) -> 0 | J37: =IF(J$60>=$F37,$E37*INDEX($F$8:$Z$8,MATCH(J$60-$F37,$F$6:$Z$6,0)),0) -> 0 | K37: =IF(K$60>=$F37,$E37*INDEX($F$8:$Z$8,MATCH(K$60-$F37,$F$6:$Z$6,0)),0) -> 0 | L37: =IF(L$60>=$F37,$E37*INDEX($F$8:$Z$8,MATCH(L$60-$F37,$F$6:$Z$6,0)),0) -> 42.064273 | M37: =IF(M$60>=$F37,$E37*INDEX($F$8:$Z$8,MATCH(M$60-$F37,$F$6:$Z$6,0)),0) -> 101.46357 | N37: =IF(N$60>=$F37,$E37*INDEX($F$8:$Z$8,MATCH(N$60-$F37,$F$6:$Z$6,0)),0) -> 109.32038 | ... AA37: =IF(AA$60>=$F37,$E37*INDEX($F$8:$Z$8,MATCH(AA$60-$F37,$F$6:$Z$6,0)),0) -> 5.3778315e-09 | AD37: 400 | AE37: 2110 | AF37: =IF(G$33>=$F37,$AD37-SUM($G37:G37),0) -> 0 | AG37: =IF(H$33>=$F37,$AD37-SUM($G37:H37),0) -> 0 | AH37: =IF(I$33>=$F37,$AD37-SUM($G37:I37),0) -> 0 | AI37: =IF(J$33>=$F37,$AD37-SUM($G37:J37),0) -> 400 | AJ37: =IF(K$33>=$F37,$AD37-SUM($G37:K37),0) -> 400 | AK37: =IF(L$33>=$F37,$AD37-SUM($G37:L37),0) -> 357.93573 | AL37: =IF(M$33>=$F37,$AD37-SUM($G37:M37),0) -> 256.47216 | AM37: =IF(N$33>=$F37,$AD37-SUM($G37:N37),0) -> 147.15178 | ... AZ37: =IF(AA$33>=$F37,$AD37-SUM($G37:AA37),0) -> 1.7729462e-10
E38: 500 | F38: 2120 | G38: =IF(G$60>=$F38,$E38*INDEX($F$8:$Z$8,MATCH(G$60-$F38,$F$6:$Z$6,0)),0) -> 0 | H38: =IF(H$60>=$F38,$E38*INDEX($F$8:$Z$8,MATCH(H$60-$F38,$F$6:$Z$6,0)),0) -> 0 | I38: =IF(I$60>=$F38,$E38*INDEX($F$8:$Z$8,MATCH(I$60-$F38,$F$6:$Z$6,0)),0) -> 0 | J38: =IF(J$60>=$F38,$E38*INDEX($F$8:$Z$8,MATCH(J$60-$F38,$F$6:$Z$6,0)),0) -> 0 | K38: =IF(K$60>=$F38,$E38*INDEX($F$8:$Z$8,MATCH(K$60-$F38,$F$6:$Z$6,0)),0) -> 0 | L38: =IF(L$60>=$F38,$E38*INDEX($F$8:$Z$8,MATCH(L$60-$F38,$F$6:$Z$6,0)),0) -> 0 | M38: =IF(M$60>=$F38,$E38*INDEX($F$8:$Z$8,MATCH(M$60-$F38,$F$6:$Z$6,0)),0) -> 52.580342 | N38: =IF(N$60>=$F38,$E38*INDEX($F$8:$Z$8,MATCH(N$60-$F38,$F$6:$Z$6,0)),0) -> 126.82946 | ... AA38: =IF(AA$60>=$F38,$E38*INDEX($F$8:$Z$8,MATCH(AA$60-$F38,$F$6:$Z$6,0)),0) -> 1.6723728e-07 | AD38: 500 | AE38: 2120 | AF38: =IF(G$33>=$F38,$AD38-SUM($G38:G38),0) -> 0 | AG38: =IF(H$33>=$F38,$AD38-SUM($G38:H38),0) -> 0 | AH38: =IF(I$33>=$F38,$AD38-SUM($G38:I38),0) -> 0 | AI38: =IF(J$33>=$F38,$AD38-SUM($G38:J38),0) -> 0 | AJ38: =IF(K$33>=$F38,$AD38-SUM($G38:K38),0) -> 500 | AK38: =IF(L$33>=$F38,$AD38-SUM($G38:L38),0) -> 500 | AL38: =IF(M$33>=$F38,$AD38-SUM($G38:M38),0) -> 447.41966 | AM38: =IF(N$33>=$F38,$AD38-SUM($G38:N38),0) -> 320.59019 | ... AZ38: =IF(AA$33>=$F38,$AD38-SUM($G38:AA38),0) -> 6.9439352e-09
E39: 600 | F39: 2130 | G39: =IF(G$60>=$F39,$E39*INDEX($F$8:$Z$8,MATCH(G$60-$F39,$F$6:$Z$6,0)),0) -> 0 | H39: =IF(H$60>=$F39,$E39*INDEX($F$8:$Z$8,MATCH(H$60-$F39,$F$6:$Z$6,0)),0) -> 0 | I39: =IF(I$60>=$F39,$E39*INDEX($F$8:$Z$8,MATCH(I$60-$F39,$F$6:$Z$6,0)),0) -> 0 | J39: =IF(J$60>=$F39,$E39*INDEX($F$8:$Z$8,MATCH(J$60-$F39,$F$6:$Z$6,0)),0) -> 0 | K39: =IF(K$60>=$F39,$E39*INDEX($F$8:$Z$8,MATCH(K$60-$F39,$F$6:$Z$6,0)),0) -> 0 | L39: =IF(L$60>=$F39,$E39*INDEX($F$8:$Z$8,MATCH(L$60-$F39,$F$6:$Z$6,0)),0) -> 0 | M39: =IF(M$60>=$F39,$E39*INDEX($F$8:$Z$8,MATCH(M$60-$F39,$F$6:$Z$6,0)),0) -> 0 | N39: =IF(N$60>=$F39,$E39*INDEX($F$8:$Z$8,MATCH(N$60-$F39,$F$6:$Z$6,0)),0) -> 63.09641 | ... AA39: =IF(AA$60>=$F39,$E39*INDEX($F$8:$Z$8,MATCH(AA$60-$F39,$F$6:$Z$6,0)),0) -> 3.9892101e-06 | AD39: 600 | AE39: 2130 | AF39: =IF(G$33>=$F39,$AD39-SUM($G39:G39),0) -> 0 | AG39: =IF(H$33>=$F39,$AD39-SUM($G39:H39),0) -> 0 | AH39: =IF(I$33>=$F39,$AD39-SUM($G39:I39),0) -> 0 | AI39: =IF(J$33>=$F39,$AD39-SUM($G39:J39),0) -> 0 | AJ39: =IF(K$33>=$F39,$AD39-SUM($G39:K39),0) -> 0 | AK39: =IF(L$33>=$F39,$AD39-SUM($G39:L39),0) -> 600 | AL39: =IF(M$33>=$F39,$AD39-SUM($G39:M39),0) -> 600 | AM39: =IF(N$33>=$F39,$AD39-SUM($G39:N39),0) -> 536.90359 | ... AZ39: =IF(AA$33>=$F39,$AD39-SUM($G39:AA39),0) -> 2.0901734e-07
E40: 700 | F40: 2140 | G40: =IF(G$60>=$F40,$E40*INDEX($F$8:$Z$8,MATCH(G$60-$F40,$F$6:$Z$6,0)),0) -> 0 | H40: =IF(H$60>=$F40,$E40*INDEX($F$8:$Z$8,MATCH(H$60-$F40,$F$6:$Z$6,0)),0) -> 0 | I40: =IF(I$60>=$F40,$E40*INDEX($F$8:$Z$8,MATCH(I$60-$F40,$F$6:$Z$6,0)),0) -> 0 | J40: =IF(J$60>=$F40,$E40*INDEX($F$8:$Z$8,MATCH(J$60-$F40,$F$6:$Z$6,0)),0) -> 0 | K40: =IF(K$60>=$F40,$E40*INDEX($F$8:$Z$8,MATCH(K$60-$F40,$F$6:$Z$6,0)),0) -> 0 | L40: =IF(L$60>=$F40,$E40*INDEX($F$8:$Z$8,MATCH(L$60-$F40,$F$6:$Z$6,0)),0) -> 0 | M40: =IF(M$60>=$F40,$E40*INDEX($F$8:$Z$8,MATCH(M$60-$F40,$F$6:$Z$6,0)),0) -> 0 | N40: =IF(N$60>=$F40,$E40*INDEX($F$8:$Z$8,MATCH(N$60-$F40,$F$6:$Z$6,0)),0) -> 0 | ... AA40: =IF(AA$60>=$F40,$E40*INDEX($F$8:$Z$8,MATCH(AA$60-$F40,$F$6:$Z$6,0)),0) -> 7.387669e-05 | AD40: 700 | AE40: 2140 | AF40: =IF(G$33>=$F40,$AD40-SUM($G40:G40),0) -> 0 | AG40: =IF(H$33>=$F40,$AD40-SUM($G40:H40),0) -> 0 | AH40: =IF(I$33>=$F40,$AD40-SUM($G40:I40),0) -> 0 | AI40: =IF(J$33>=$F40,$AD40-SUM($G40:J40),0) -> 0 | AJ40: =IF(K$33>=$F40,$AD40-SUM($G40:K40),0) -> 0 | AK40: =IF(L$33>=$F40,$AD40-SUM($G40:L40),0) -> 0 | AL40: =IF(M$33>=$F40,$AD40-SUM($G40:M40),0) -> 700 | AM40: =IF(N$33>=$F40,$AD40-SUM($G40:N40),0) -> 700 | ... AZ40: =IF(AA$33>=$F40,$AD40-SUM($G40:AA40),0) -> 4.8979321e-06
E41: 800 | F41: 2150 | G41: =IF(G$60>=$F41,$E41*INDEX($F$8:$Z$8,MATCH(G$60-$F41,$F$6:$Z$6,0)),0) -> 0 | H41: =IF(H$60>=$F41,$E41*INDEX($F$8:$Z$8,MATCH(H$60-$F41,$F$6:$Z$6,0)),0) -> 0 | I41: =IF(I$60>=$F41,$E41*INDEX($F$8:$Z$8,MATCH(I$60-$F41,$F$6:$Z$6,0)),0) -> 0 | J41: =IF(J$60>=$F41,$E41*INDEX($F$8:$Z$8,MATCH(J$60-$F41,$F$6:$Z$6,0)),0) -> 0 | K41: =IF(K$60>=$F41,$E41*INDEX($F$8:$Z$8,MATCH(K$60-$F41,$F$6:$Z$6,0)),0) -> 0 | L41: =IF(L$60>=$F41,$E41*INDEX($F$8:$Z$8,MATCH(L$60-$F41,$F$6:$Z$6,0)),0) -> 0 | M41: =IF(M$60>=$F41,$E41*INDEX($F$8:$Z$8,MATCH(M$60-$F41,$F$6:$Z$6,0)),0) -> 0 | N41: =IF(N$60>=$F41,$E41*INDEX($F$8:$Z$8,MATCH(N$60-$F41,$F$6:$Z$6,0)),0) -> 0 | ... AA41: =IF(AA$60>=$F41,$E41*INDEX($F$8:$Z$8,MATCH(AA$60-$F41,$F$6:$Z$6,0)),0) -> 0.001069395 | AD41: 800 | AE41: 2150 | AF41: =IF(G$33>=$F41,$AD41-SUM($G41:G41),0) -> 0 | AG41: =IF(H$33>=$F41,$AD41-SUM($G41:H41),0) -> 0 | AH41: =IF(I$33>=$F41,$AD41-SUM($G41:I41),0) -> 0 | AI41: =IF(J$33>=$F41,$AD41-SUM($G41:J41),0) -> 0 | AJ41: =IF(K$33>=$F41,$AD41-SUM($G41:K41),0) -> 0 | AK41: =IF(L$33>=$F41,$AD41-SUM($G41:L41),0) -> 0 | AL41: =IF(M$33>=$F41,$AD41-SUM($G41:M41),0) -> 0 | AM41: =IF(N$33>=$F41,$AD41-SUM($G41:N41),0) -> 800 | ... AZ41: =IF(AA$33>=$F41,$AD41-SUM($G41:AA41),0) -> 9.002814e-05
E42: 900 | F42: 2160 | G42: =IF(G$60>=$F42,$E42*INDEX($F$8:$Z$8,MATCH(G$60-$F42,$F$6:$Z$6,0)),0) -> 0 | H42: =IF(H$60>=$F42,$E42*INDEX($F$8:$Z$8,MATCH(H$60-$F42,$F$6:$Z$6,0)),0) -> 0 | I42: =IF(I$60>=$F42,$E42*INDEX($F$8:$Z$8,MATCH(I$60-$F42,$F$6:$Z$6,0)),0) -> 0 | J42: =IF(J$60>=$F42,$E42*INDEX($F$8:$Z$8,MATCH(J$60-$F42,$F$6:$Z$6,0)),0) -> 0 | K42: =IF(K$60>=$F42,$E42*INDEX($F$8:$Z$8,MATCH(K$60-$F42,$F$6:$Z$6,0)),0) -> 0 | L42: =IF(L$60>=$F42,$E42*INDEX($F$8:$Z$8,MATCH(L$60-$F42,$F$6:$Z$6,0)),0) -> 0 | M42: =IF(M$60>=$F42,$E42*INDEX($F$8:$Z$8,MATCH(M$60-$F42,$F$6:$Z$6,0)),0) -> 0 | N42: =IF(N$60>=$F42,$E42*INDEX($F$8:$Z$8,MATCH(N$60-$F42,$F$6:$Z$6,0)),0) -> 0 | ... AA42: =IF(AA$60>=$F42,$E42*INDEX($F$8:$Z$8,MATCH(AA$60-$F42,$F$6:$Z$6,0)),0) -> 0.012146454 | AD42: 900 | AE42: 2160 | AF42: =IF(G$33>=$F42,$AD42-SUM($G42:G42),0) -> 0 | AG42: =IF(H$33>=$F42,$AD42-SUM($G42:H42),0) -> 0 | AH42: =IF(I$33>=$F42,$AD42-SUM($G42:I42),0) -> 0 | AI42: =IF(J$33>=$F42,$AD42-SUM($G42:J42),0) -> 0 | AJ42: =IF(K$33>=$F42,$AD42-SUM($G42:K42),0) -> 0 | AK42: =IF(L$33>=$F42,$AD42-SUM($G42:L42),0) -> 0 | AL42: =IF(M$33>=$F42,$AD42-SUM($G42:M42),0) -> 0 | AM42: =IF(N$33>=$F42,$AD42-SUM($G42:N42),0) -> 0 | ... AZ42: =IF(AA$33>=$F42,$AD42-SUM($G42:AA42),0) -> 0.001304351
E43: 1000 | F43: 2170 | G43: =IF(G$60>=$F43,$E43*INDEX($F$8:$Z$8,MATCH(G$60-$F43,$F$6:$Z$6,0)),0) -> 0 | H43: =IF(H$60>=$F43,$E43*INDEX($F$8:$Z$8,MATCH(H$60-$F43,$F$6:$Z$6,0)),0) -> 0 | I43: =IF(I$60>=$F43,$E43*INDEX($F$8:$Z$8,MATCH(I$60-$F43,$F$6:$Z$6,0)),0) -> 0 | J43: =IF(J$60>=$F43,$E43*INDEX($F$8:$Z$8,MATCH(J$60-$F43,$F$6:$Z$6,0)),0) -> 0 | K43: =IF(K$60>=$F43,$E43*INDEX($F$8:$Z$8,MATCH(K$60-$F43,$F$6:$Z$6,0)),0) -> 0 | L43: =IF(L$60>=$F43,$E43*INDEX($F$8:$Z$8,MATCH(L$60-$F43,$F$6:$Z$6,0)),0) -> 0 | M43: =IF(M$60>=$F43,$E43*INDEX($F$8:$Z$8,MATCH(M$60-$F43,$F$6:$Z$6,0)),0) -> 0 | N43: =IF(N$60>=$F43,$E43*INDEX($F$8:$Z$8,MATCH(N$60-$F43,$F$6:$Z$6,0)),0) -> 0 | ... AA43: =IF(AA$60>=$F43,$E43*INDEX($F$8:$Z$8,MATCH(AA$60-$F43,$F$6:$Z$6,0)),0) -> 0.10846447 | AD43: 1000 | AE43: 2170 | AF43: =IF(G$33>=$F43,$AD43-SUM($G43:G43),0) -> 0 | AG43: =IF(H$33>=$F43,$AD43-SUM($G43:H43),0) -> 0 | AH43: =IF(I$33>=$F43,$AD43-SUM($G43:I43),0) -> 0 | AI43: =IF(J$33>=$F43,$AD43-SUM($G43:J43),0) -> 0 | AJ43: =IF(K$33>=$F43,$AD43-SUM($G43:K43),0) -> 0 | AK43: =IF(L$33>=$F43,$AD43-SUM($G43:L43),0) -> 0 | AL43: =IF(M$33>=$F43,$AD43-SUM($G43:M43),0) -> 0 | AM43: =IF(N$33>=$F43,$AD43-SUM($G43:N43),0) -> 0 | ... AZ43: =IF(AA$33>=$F43,$AD43-SUM($G43:AA43),0) -> 0.014945339
E44: 1100 | F44: 2180 | G44: =IF(G$60>=$F44,$E44*INDEX($F$8:$Z$8,MATCH(G$60-$F44,$F$6:$Z$6,0)),0) -> 0 | H44: =IF(H$60>=$F44,$E44*INDEX($F$8:$Z$8,MATCH(H$60-$F44,$F$6:$Z$6,0)),0) -> 0 | I44: =IF(I$60>=$F44,$E44*INDEX($F$8:$Z$8,MATCH(I$60-$F44,$F$6:$Z$6,0)),0) -> 0 | J44: =IF(J$60>=$F44,$E44*INDEX($F$8:$Z$8,MATCH(J$60-$F44,$F$6:$Z$6,0)),0) -> 0 | K44: =IF(K$60>=$F44,$E44*INDEX($F$8:$Z$8,MATCH(K$60-$F44,$F$6:$Z$6,0)),0) -> 0 | L44: =IF(L$60>=$F44,$E44*INDEX($F$8:$Z$8,MATCH(L$60-$F44,$F$6:$Z$6,0)),0) -> 0 | M44: =IF(M$60>=$F44,$E44*INDEX($F$8:$Z$8,MATCH(M$60-$F44,$F$6:$Z$6,0)),0) -> 0 | N44: =IF(N$60>=$F44,$E44*INDEX($F$8:$Z$8,MATCH(N$60-$F44,$F$6:$Z$6,0)),0) -> 0 | ... AA44: =IF(AA$60>=$F44,$E44*INDEX($F$8:$Z$8,MATCH(AA$60-$F44,$F$6:$Z$6,0)),0) -> 0.76183583 | AD44: 1100 | AE44: 2180 | AF44: =IF(G$33>=$F44,$AD44-SUM($G44:G44),0) -> 0 | AG44: =IF(H$33>=$F44,$AD44-SUM($G44:H44),0) -> 0 | AH44: =IF(I$33>=$F44,$AD44-SUM($G44:I44),0) -> 0 | AI44: =IF(J$33>=$F44,$AD44-SUM($G44:J44),0) -> 0 | AJ44: =IF(K$33>=$F44,$AD44-SUM($G44:K44),0) -> 0 | AK44: =IF(L$33>=$F44,$AD44-SUM($G44:L44),0) -> 0 | AL44: =IF(M$33>=$F44,$AD44-SUM($G44:M44),0) -> 0 | AM44: =IF(N$33>=$F44,$AD44-SUM($G44:N44),0) -> 0 | ... AZ44: =IF(AA$33>=$F44,$AD44-SUM($G44:AA44),0) -> 0.13575078
E45: 1200 | F45: 2190 | G45: =IF(G$60>=$F45,$E45*INDEX($F$8:$Z$8,MATCH(G$60-$F45,$F$6:$Z$6,0)),0) -> 0 | H45: =IF(H$60>=$F45,$E45*INDEX($F$8:$Z$8,MATCH(H$60-$F45,$F$6:$Z$6,0)),0) -> 0 | I45: =IF(I$60>=$F45,$E45*INDEX($F$8:$Z$8,MATCH(I$60-$F45,$F$6:$Z$6,0)),0) -> 0 | J45: =IF(J$60>=$F45,$E45*INDEX($F$8:$Z$8,MATCH(J$60-$F45,$F$6:$Z$6,0)),0) -> 0 | K45: =IF(K$60>=$F45,$E45*INDEX($F$8:$Z$8,MATCH(K$60-$F45,$F$6:$Z$6,0)),0) -> 0 | L45: =IF(L$60>=$F45,$E45*INDEX($F$8:$Z$8,MATCH(L$60-$F45,$F$6:$Z$6,0)),0) -> 0 | M45: =IF(M$60>=$F45,$E45*INDEX($F$8:$Z$8,MATCH(M$60-$F45,$F$6:$Z$6,0)),0) -> 0 | N45: =IF(N$60>=$F45,$E45*INDEX($F$8:$Z$8,MATCH(N$60-$F45,$F$6:$Z$6,0)),0) -> 0 | ... AA45: =IF(AA$60>=$F45,$E45*INDEX($F$8:$Z$8,MATCH(AA$60-$F45,$F$6:$Z$6,0)),0) -> 4.205102 | AD45: 1200 | AE45: 2190 | AF45: =IF(G$33>=$F45,$AD45-SUM($G45:G45),0) -> 0 | AG45: =IF(H$33>=$F45,$AD45-SUM($G45:H45),0) -> 0 | AH45: =IF(I$33>=$F45,$AD45-SUM($G45:I45),0) -> 0 | AI45: =IF(J$33>=$F45,$AD45-SUM($G45:J45),0) -> 0 | AJ45: =IF(K$33>=$F45,$AD45-SUM($G45:K45),0) -> 0 | AK45: =IF(L$33>=$F45,$AD45-SUM($G45:L45),0) -> 0 | AL45: =IF(M$33>=$F45,$AD45-SUM($G45:M45),0) -> 0 | AM45: =IF(N$33>=$F45,$AD45-SUM($G45:N45),0) -> 0 | ... AZ45: =IF(AA$33>=$F45,$AD45-SUM($G45:AA45),0) -> 0.9791854
E46: 1300 | F46: 2200 | G46: =IF(G$60>=$F46,$E46*INDEX($F$8:$Z$8,MATCH(G$60-$F46,$F$6:$Z$6,0)),0) -> 0 | H46: =IF(H$60>=$F46,$E46*INDEX($F$8:$Z$8,MATCH(H$60-$F46,$F$6:$Z$6,0)),0) -> 0 | I46: =IF(I$60>=$F46,$E46*INDEX($F$8:$Z$8,MATCH(I$60-$F46,$F$6:$Z$6,0)),0) -> 0 | J46: =IF(J$60>=$F46,$E46*INDEX($F$8:$Z$8,MATCH(J$60-$F46,$F$6:$Z$6,0)),0) -> 0 | K46: =IF(K$60>=$F46,$E46*INDEX($F$8:$Z$8,MATCH(K$60-$F46,$F$6:$Z$6,0)),0) -> 0 | L46: =IF(L$60>=$F46,$E46*INDEX($F$8:$Z$8,MATCH(L$60-$F46,$F$6:$Z$6,0)),0) -> 0 | M46: =IF(M$60>=$F46,$E46*INDEX($F$8:$Z$8,MATCH(M$60-$F46,$F$6:$Z$6,0)),0) -> 0 | N46: =IF(N$60>=$F46,$E46*INDEX($F$8:$Z$8,MATCH(N$60-$F46,$F$6:$Z$6,0)),0) -> 0 | ... AA46: =IF(AA$60>=$F46,$E46*INDEX($F$8:$Z$8,MATCH(AA$60-$F46,$F$6:$Z$6,0)),0) -> 18.194019 | AD46: 1300 | AE46: 2200 | AF46: =IF(G$33>=$F46,$AD46-SUM($G46:G46),0) -> 0 | AG46: =IF(H$33>=$F46,$AD46-SUM($G46:H46),0) -> 0 | AH46: =IF(I$33>=$F46,$AD46-SUM($G46:I46),0) -> 0 | AI46: =IF(J$33>=$F46,$AD46-SUM($G46:J46),0) -> 0 | AJ46: =IF(K$33>=$F46,$AD46-SUM($G46:K46),0) -> 0 | AK46: =IF(L$33>=$F46,$AD46-SUM($G46:L46),0) -> 0 | AL46: =IF(M$33>=$F46,$AD46-SUM($G46:M46),0) -> 0 | AM46: =IF(N$33>=$F46,$AD46-SUM($G46:N46),0) -> 0 | ... AZ46: =IF(AA$33>=$F46,$AD46-SUM($G46:AA46),0) -> 5.6163113
... E54: 2100 | F54: 2280 | G54: =IF(G$60>=$F54,$E54*INDEX($F$8:$Z$8,MATCH(G$60-$F54,$F$6:$Z$6,0)),0) -> 0 | H54: =IF(H$60>=$F54,$E54*INDEX($F$8:$Z$8,MATCH(H$60-$F54,$F$6:$Z$6,0)),0) -> 0 | I54: =IF(I$60>=$F54,$E54*INDEX($F$8:$Z$8,MATCH(I$60-$F54,$F$6:$Z$6,0)),0) -> 0 | J54: =IF(J$60>=$F54,$E54*INDEX($F$8:$Z$8,MATCH(J$60-$F54,$F$6:$Z$6,0)),0) -> 0 | K54: =IF(K$60>=$F54,$E54*INDEX($F$8:$Z$8,MATCH(K$60-$F54,$F$6:$Z$6,0)),0) -> 0 | L54: =IF(L$60>=$F54,$E54*INDEX($F$8:$Z$8,MATCH(L$60-$F54,$F$6:$Z$6,0)),0) -> 0 | M54: =IF(M$60>=$F54,$E54*INDEX($F$8:$Z$8,MATCH(M$60-$F54,$F$6:$Z$6,0)),0) -> 0 | N54: =IF(N$60>=$F54,$E54*INDEX($F$8:$Z$8,MATCH(N$60-$F54,$F$6:$Z$6,0)),0) -> 0 | ... AA54: =IF(AA$60>=$F54,$E54*INDEX($F$8:$Z$8,MATCH(AA$60-$F54,$F$6:$Z$6,0)),0) -> 0 | AD54: 2100 | AE54: 2280 | AF54: =IF(G$33>=$F54,$AD54-SUM($G54:G54),0) -> 0 | AG54: =IF(H$33>=$F54,$AD54-SUM($G54:H54),0) -> 0 | AH54: =IF(I$33>=$F54,$AD54-SUM($G54:I54),0) -> 0 | AI54: =IF(J$33>=$F54,$AD54-SUM($G54:J54),0) -> 0 | AJ54: =IF(K$33>=$F54,$AD54-SUM($G54:K54),0) -> 0 | AK54: =IF(L$33>=$F54,$AD54-SUM($G54:L54),0) -> 0 | AL54: =IF(M$33>=$F54,$AD54-SUM($G54:M54),0) -> 0 | AM54: =IF(N$33>=$F54,$AD54-SUM($G54:N54),0) -> 0 | ... AZ54: =IF(AA$33>=$F54,$AD54-SUM($G54:AA54),0) -> 2100
E55: =SUM(E33:E54) -> 23100 | F55: TOTAL | G55: =SUM(G34:G54) -> 0 | H55: =SUM(H34:H54) -> 0 | I55: =SUM(I34:I54) -> 10.516068 | J55: =SUM(J34:J54) -> 46.398029 | K55: =SUM(K34:K54) -> 109.61009 | L55: =SUM(L34:L54) -> 192.70875 | M55: =SUM(M34:M54) -> 286.4911 | N55: =SUM(N34:N54) -> 384.65954 | ... AA55: =SUM(AA34:AA54) -> 1684.1319 | AD55: =SUM(AD33:AD54) -> 23100 | AE55: TOTAL | AF55: =SUM(AF34:AF54) -> 100 | AG55: =SUM(AG34:AG54) -> 300 | AH55: =SUM(AH34:AH54) -> 589.48393 | AI55: =SUM(AI34:AI54) -> 943.0859 | AJ55: =SUM(AJ34:AJ54) -> 1333.4758 | AK55: =SUM(AK34:AK54) -> 1740.7671 | AL55: =SUM(AL34:AL54) -> 2154.276 | AM55: =SUM(AM34:AM54) -> 2569.6164 | ... AZ55: =SUM(AZ34:AZ54) -> 7975.79
G58: Hummus Town House Demolitions, Using Hummus Town Longer Lifespan Distribution | AF58: Hummus Town House Stock, Using Hummus Town Longer Lifespan Distribution
G59: Year House Demolished | AF59: Year House in Stock
E60: # Built | F60: Year Built | G60: 2080 | H60: 2090 | I60: 2100 | J60: 2110 | K60: 2120 | L60: 2130 | M60: 2140 | N60: 2150 | O60: 2160 | P60: 2170 | Q60: 2180 | R60: 2190 | S60: 2200 | T60: 2210 | U60: 2220 | V60: 2230 | W60: 2240 | X60: 2250 | Y60: 2260 | Z60: 2270 | AA60: 2280 | AD60: # Built | AE60: Year Built | AF60: 2080 | AG60: 2090 | AH60: 2100 | AI60: 2110 | AJ60: 2120 | AK60: 2130 | AL60: 2140 | AM60: 2150 | AN60: 2160 | AO60: 2170 | AP60: 2180 | AQ60: 2190 | AR60: 2200 | AS60: 2210 | AT60: 2220 | AU60: 2230 | AV60: 2240 | AW60: 2250 | AX60: 2260 | AY60: 2270 | AZ60: 2280
E61: {=$E$34:$E$54} -> 100 | F61: 2080 | G61: =IF(G$60>=$F61,$E61*INDEX($F$13:$Z$13,MATCH(G$60-$F61,$F$12:$Z$12,0)),0) -> 0 | H61: =IF(H$60>=$F61,$E61*INDEX($F$13:$Z$13,MATCH(H$60-$F61,$F$12:$Z$12,0)),0) -> 0 | I61: =IF(I$60>=$F61,$E61*INDEX($F$13:$Z$13,MATCH(I$60-$F61,$F$12:$Z$12,0)),0) -> 0 | J61: =IF(J$60>=$F61,$E61*INDEX($F$13:$Z$13,MATCH(J$60-$F61,$F$12:$Z$12,0)),0) -> 0 | K61: =IF(K$60>=$F61,$E61*INDEX($F$13:$Z$13,MATCH(K$60-$F61,$F$12:$Z$12,0)),0) -> 0 | L61: =IF(L$60>=$F61,$E61*INDEX($F$13:$Z$13,MATCH(L$60-$F61,$F$12:$Z$12,0)),0) -> 0 | M61: =IF(M$60>=$F61,$E61*INDEX($F$13:$Z$13,MATCH(M$60-$F61,$F$12:$Z$12,0)),0) -> 10.516068 | N61: =IF(N$60>=$F61,$E61*INDEX($F$13:$Z$13,MATCH(N$60-$F61,$F$12:$Z$12,0)),0) -> 25.365893 | ... AA61: =IF(AA$60>=$F61,$E61*INDEX($F$13:$Z$13,MATCH(AA$60-$F61,$F$12:$Z$12,0)),0) -> 0 | AD61: {=$E$34:$E$54} -> 100 | AE61: 2080 | AF61: =IF(G$60>=$F61,$AD61-SUM($G61:G61),0) -> 100 | AG61: =IF(H$60>=$F61,$AD61-SUM($G61:H61),0) -> 100 | AH61: =IF(I$60>=$F61,$AD61-SUM($G61:I61),0) -> 100 | AI61: =IF(J$60>=$F61,$AD61-SUM($G61:J61),0) -> 100 | AJ61: =IF(K$60>=$F61,$AD61-SUM($G61:K61),0) -> 100 | AK61: =IF(L$60>=$F61,$AD61-SUM($G61:L61),0) -> 100 | AL61: =IF(M$60>=$F61,$AD61-SUM($G61:M61),0) -> 89.483932 | AM61: =IF(N$60>=$F61,$AD61-SUM($G61:N61),0) -> 64.118039 | ... AZ61: =IF(AA$60>=$F61,$AD61-SUM($G61:AA61),0) -> 0.081598784
E62: 200 | F62: 2090 | G62: =IF(G$60>=$F62,$E62*INDEX($F$13:$Z$13,MATCH(G$60-$F62,$F$12:$Z$12,0)),0) -> 0 | H62: =IF(H$60>=$F62,$E62*INDEX($F$13:$Z$13,MATCH(H$60-$F62,$F$12:$Z$12,0)),0) -> 0 | I62: =IF(I$60>=$F62,$E62*INDEX($F$13:$Z$13,MATCH(I$60-$F62,$F$12:$Z$12,0)),0) -> 0 | J62: =IF(J$60>=$F62,$E62*INDEX($F$13:$Z$13,MATCH(J$60-$F62,$F$12:$Z$12,0)),0) -> 0 | K62: =IF(K$60>=$F62,$E62*INDEX($F$13:$Z$13,MATCH(K$60-$F62,$F$12:$Z$12,0)),0) -> 0 | L62: =IF(L$60>=$F62,$E62*INDEX($F$13:$Z$13,MATCH(L$60-$F62,$F$12:$Z$12,0)),0) -> 0 | M62: =IF(M$60>=$F62,$E62*INDEX($F$13:$Z$13,MATCH(M$60-$F62,$F$12:$Z$12,0)),0) -> 0 | N62: =IF(N$60>=$F62,$E62*INDEX($F$13:$Z$13,MATCH(N$60-$F62,$F$12:$Z$12,0)),0) -> 21.032137 | ... AA62: =IF(AA$60>=$F62,$E62*INDEX($F$13:$Z$13,MATCH(AA$60-$F62,$F$12:$Z$12,0)),0) -> 0 | AD62: 200 | AE62: 2090 | AF62: =IF(G$60>=$F62,$AD62-SUM($G62:G62),0) -> 0 | AG62: =IF(H$60>=$F62,$AD62-SUM($G62:H62),0) -> 200 | AH62: =IF(I$60>=$F62,$AD62-SUM($G62:I62),0) -> 200 | AI62: =IF(J$60>=$F62,$AD62-SUM($G62:J62),0) -> 200 | AJ62: =IF(K$60>=$F62,$AD62-SUM($G62:K62),0) -> 200 | AK62: =IF(L$60>=$F62,$AD62-SUM($G62:L62),0) -> 200 | AL62: =IF(M$60>=$F62,$AD62-SUM($G62:M62),0) -> 200 | AM62: =IF(N$60>=$F62,$AD62-SUM($G62:N62),0) -> 178.96786 | ... AZ62: =IF(AA$60>=$F62,$AD62-SUM($G62:AA62),0) -> 0.16319757
E63: 300 | F63: 2100 | G63: =IF(G$60>=$F63,$E63*INDEX($F$13:$Z$13,MATCH(G$60-$F63,$F$12:$Z$12,0)),0) -> 0 | H63: =IF(H$60>=$F63,$E63*INDEX($F$13:$Z$13,MATCH(H$60-$F63,$F$12:$Z$12,0)),0) -> 0 | I63: =IF(I$60>=$F63,$E63*INDEX($F$13:$Z$13,MATCH(I$60-$F63,$F$12:$Z$12,0)),0) -> 0 | J63: =IF(J$60>=$F63,$E63*INDEX($F$13:$Z$13,MATCH(J$60-$F63,$F$12:$Z$12,0)),0) -> 0 | K63: =IF(K$60>=$F63,$E63*INDEX($F$13:$Z$13,MATCH(K$60-$F63,$F$12:$Z$12,0)),0) -> 0 | L63: =IF(L$60>=$F63,$E63*INDEX($F$13:$Z$13,MATCH(L$60-$F63,$F$12:$Z$12,0)),0) -> 0 | M63: =IF(M$60>=$F63,$E63*INDEX($F$13:$Z$13,MATCH(M$60-$F63,$F$12:$Z$12,0)),0) -> 0 | N63: =IF(N$60>=$F63,$E63*INDEX($F$13:$Z$13,MATCH(N$60-$F63,$F$12:$Z$12,0)),0) -> 0 | ... AA63: =IF(AA$60>=$F63,$E63*INDEX($F$13:$Z$13,MATCH(AA$60-$F63,$F$12:$Z$12,0)),0) -> 0 | AD63: 300 | AE63: 2100 | AF63: =IF(G$60>=$F63,$AD63-SUM($G63:G63),0) -> 0 | AG63: =IF(H$60>=$F63,$AD63-SUM($G63:H63),0) -> 0 | AH63: =IF(I$60>=$F63,$AD63-SUM($G63:I63),0) -> 300 | AI63: =IF(J$60>=$F63,$AD63-SUM($G63:J63),0) -> 300 | AJ63: =IF(K$60>=$F63,$AD63-SUM($G63:K63),0) -> 300 | AK63: =IF(L$60>=$F63,$AD63-SUM($G63:L63),0) -> 300 | AL63: =IF(M$60>=$F63,$AD63-SUM($G63:M63),0) -> 300 | AM63: =IF(N$60>=$F63,$AD63-SUM($G63:N63),0) -> 300 | ... AZ63: =IF(AA$60>=$F63,$AD63-SUM($G63:AA63),0) -> 0.24479635
E64: 400 | F64: 2110 | G64: =IF(G$60>=$F64,$E64*INDEX($F$13:$Z$13,MATCH(G$60-$F64,$F$12:$Z$12,0)),0) -> 0 | H64: =IF(H$60>=$F64,$E64*INDEX($F$13:$Z$13,MATCH(H$60-$F64,$F$12:$Z$12,0)),0) -> 0 | I64: =IF(I$60>=$F64,$E64*INDEX($F$13:$Z$13,MATCH(I$60-$F64,$F$12:$Z$12,0)),0) -> 0 | J64: =IF(J$60>=$F64,$E64*INDEX($F$13:$Z$13,MATCH(J$60-$F64,$F$12:$Z$12,0)),0) -> 0 | K64: =IF(K$60>=$F64,$E64*INDEX($F$13:$Z$13,MATCH(K$60-$F64,$F$12:$Z$12,0)),0) -> 0 | L64: =IF(L$60>=$F64,$E64*INDEX($F$13:$Z$13,MATCH(L$60-$F64,$F$12:$Z$12,0)),0) -> 0 | M64: =IF(M$60>=$F64,$E64*INDEX($F$13:$Z$13,MATCH(M$60-$F64,$F$12:$Z$12,0)),0) -> 0 | N64: =IF(N$60>=$F64,$E64*INDEX($F$13:$Z$13,MATCH(N$60-$F64,$F$12:$Z$12,0)),0) -> 0 | ... AA64: =IF(AA$60>=$F64,$E64*INDEX($F$13:$Z$13,MATCH(AA$60-$F64,$F$12:$Z$12,0)),0) -> 0 | AD64: 400 | AE64: 2110 | AF64: =IF(G$60>=$F64,$AD64-SUM($G64:G64),0) -> 0 | AG64: =IF(H$60>=$F64,$AD64-SUM($G64:H64),0) -> 0 | AH64: =IF(I$60>=$F64,$AD64-SUM($G64:I64),0) -> 0 | AI64: =IF(J$60>=$F64,$AD64-SUM($G64:J64),0) -> 400 | AJ64: =IF(K$60>=$F64,$AD64-SUM($G64:K64),0) -> 400 | AK64: =IF(L$60>=$F64,$AD64-SUM($G64:L64),0) -> 400 | AL64: =IF(M$60>=$F64,$AD64-SUM($G64:M64),0) -> 400 | AM64: =IF(N$60>=$F64,$AD64-SUM($G64:N64),0) -> 400 | ... AZ64: =IF(AA$60>=$F64,$AD64-SUM($G64:AA64),0) -> 0.32639513
E65: 500 | F65: 2120 | G65: =IF(G$60>=$F65,$E65*INDEX($F$13:$Z$13,MATCH(G$60-$F65,$F$12:$Z$12,0)),0) -> 0 | H65: =IF(H$60>=$F65,$E65*INDEX($F$13:$Z$13,MATCH(H$60-$F65,$F$12:$Z$12,0)),0) -> 0 | I65: =IF(I$60>=$F65,$E65*INDEX($F$13:$Z$13,MATCH(I$60-$F65,$F$12:$Z$12,0)),0) -> 0 | J65: =IF(J$60>=$F65,$E65*INDEX($F$13:$Z$13,MATCH(J$60-$F65,$F$12:$Z$12,0)),0) -> 0 | K65: =IF(K$60>=$F65,$E65*INDEX($F$13:$Z$13,MATCH(K$60-$F65,$F$12:$Z$12,0)),0) -> 0 | L65: =IF(L$60>=$F65,$E65*INDEX($F$13:$Z$13,MATCH(L$60-$F65,$F$12:$Z$12,0)),0) -> 0 | M65: =IF(M$60>=$F65,$E65*INDEX($F$13:$Z$13,MATCH(M$60-$F65,$F$12:$Z$12,0)),0) -> 0 | N65: =IF(N$60>=$F65,$E65*INDEX($F$13:$Z$13,MATCH(N$60-$F65,$F$12:$Z$12,0)),0) -> 0 | ... AA65: =IF(AA$60>=$F65,$E65*INDEX($F$13:$Z$13,MATCH(AA$60-$F65,$F$12:$Z$12,0)),0) -> 0 | AD65: 500 | AE65: 2120 | AF65: =IF(G$60>=$F65,$AD65-SUM($G65:G65),0) -> 0 | AG65: =IF(H$60>=$F65,$AD65-SUM($G65:H65),0) -> 0 | AH65: =IF(I$60>=$F65,$AD65-SUM($G65:I65),0) -> 0 | AI65: =IF(J$60>=$F65,$AD65-SUM($G65:J65),0) -> 0 | AJ65: =IF(K$60>=$F65,$AD65-SUM($G65:K65),0) -> 500 | AK65: =IF(L$60>=$F65,$AD65-SUM($G65:L65),0) -> 500 | AL65: =IF(M$60>=$F65,$AD65-SUM($G65:M65),0) -> 500 | AM65: =IF(N$60>=$F65,$AD65-SUM($G65:N65),0) -> 500 | ... AZ65: =IF(AA$60>=$F65,$AD65-SUM($G65:AA65),0) -> 0.40799392
E66: 600 | F66: 2130 | G66: =IF(G$60>=$F66,$E66*INDEX($F$13:$Z$13,MATCH(G$60-$F66,$F$12:$Z$12,0)),0) -> 0 | H66: =IF(H$60>=$F66,$E66*INDEX($F$13:$Z$13,MATCH(H$60-$F66,$F$12:$Z$12,0)),0) -> 0 | I66: =IF(I$60>=$F66,$E66*INDEX($F$13:$Z$13,MATCH(I$60-$F66,$F$12:$Z$12,0)),0) -> 0 | J66: =IF(J$60>=$F66,$E66*INDEX($F$13:$Z$13,MATCH(J$60-$F66,$F$12:$Z$12,0)),0) -> 0 | K66: =IF(K$60>=$F66,$E66*INDEX($F$13:$Z$13,MATCH(K$60-$F66,$F$12:$Z$12,0)),0) -> 0 | L66: =IF(L$60>=$F66,$E66*INDEX($F$13:$Z$13,MATCH(L$60-$F66,$F$12:$Z$12,0)),0) -> 0 | M66: =IF(M$60>=$F66,$E66*INDEX($F$13:$Z$13,MATCH(M$60-$F66,$F$12:$Z$12,0)),0) -> 0 | N66: =IF(N$60>=$F66,$E66*INDEX($F$13:$Z$13,MATCH(N$60-$F66,$F$12:$Z$12,0)),0) -> 0 | ... AA66: =IF(AA$60>=$F66,$E66*INDEX($F$13:$Z$13,MATCH(AA$60-$F66,$F$12:$Z$12,0)),0) -> 0 | AD66: 600 | AE66: 2130 | AF66: =IF(G$60>=$F66,$AD66-SUM($G66:G66),0) -> 0 | AG66: =IF(H$60>=$F66,$AD66-SUM($G66:H66),0) -> 0 | AH66: =IF(I$60>=$F66,$AD66-SUM($G66:I66),0) -> 0 | AI66: =IF(J$60>=$F66,$AD66-SUM($G66:J66),0) -> 0 | AJ66: =IF(K$60>=$F66,$AD66-SUM($G66:K66),0) -> 0 | AK66: =IF(L$60>=$F66,$AD66-SUM($G66:L66),0) -> 600 | AL66: =IF(M$60>=$F66,$AD66-SUM($G66:M66),0) -> 600 | AM66: =IF(N$60>=$F66,$AD66-SUM($G66:N66),0) -> 600 | ... AZ66: =IF(AA$60>=$F66,$AD66-SUM($G66:AA66),0) -> 0.4895927
E67: 700 | F67: 2140 | G67: =IF(G$60>=$F67,$E67*INDEX($F$13:$Z$13,MATCH(G$60-$F67,$F$12:$Z$12,0)),0) -> 0 | H67: =IF(H$60>=$F67,$E67*INDEX($F$13:$Z$13,MATCH(H$60-$F67,$F$12:$Z$12,0)),0) -> 0 | I67: =IF(I$60>=$F67,$E67*INDEX($F$13:$Z$13,MATCH(I$60-$F67,$F$12:$Z$12,0)),0) -> 0 | J67: =IF(J$60>=$F67,$E67*INDEX($F$13:$Z$13,MATCH(J$60-$F67,$F$12:$Z$12,0)),0) -> 0 | K67: =IF(K$60>=$F67,$E67*INDEX($F$13:$Z$13,MATCH(K$60-$F67,$F$12:$Z$12,0)),0) -> 0 | L67: =IF(L$60>=$F67,$E67*INDEX($F$13:$Z$13,MATCH(L$60-$F67,$F$12:$Z$12,0)),0) -> 0 | M67: =IF(M$60>=$F67,$E67*INDEX($F$13:$Z$13,MATCH(M$60-$F67,$F$12:$Z$12,0)),0) -> 0 | N67: =IF(N$60>=$F67,$E67*INDEX($F$13:$Z$13,MATCH(N$60-$F67,$F$12:$Z$12,0)),0) -> 0 | ... AA67: =IF(AA$60>=$F67,$E67*INDEX($F$13:$Z$13,MATCH(AA$60-$F67,$F$12:$Z$12,0)),0) -> 0 | AD67: 700 | AE67: 2140 | AF67: =IF(G$60>=$F67,$AD67-SUM($G67:G67),0) -> 0 | AG67: =IF(H$60>=$F67,$AD67-SUM($G67:H67),0) -> 0 | AH67: =IF(I$60>=$F67,$AD67-SUM($G67:I67),0) -> 0 | AI67: =IF(J$60>=$F67,$AD67-SUM($G67:J67),0) -> 0 | AJ67: =IF(K$60>=$F67,$AD67-SUM($G67:K67),0) -> 0 | AK67: =IF(L$60>=$F67,$AD67-SUM($G67:L67),0) -> 0 | AL67: =IF(M$60>=$F67,$AD67-SUM($G67:M67),0) -> 700 | AM67: =IF(N$60>=$F67,$AD67-SUM($G67:N67),0) -> 700 | ... AZ67: =IF(AA$60>=$F67,$AD67-SUM($G67:AA67),0) -> 0.57119148
E68: 800 | F68: 2150 | G68: =IF(G$60>=$F68,$E68*INDEX($F$13:$Z$13,MATCH(G$60-$F68,$F$12:$Z$12,0)),0) -> 0 | H68: =IF(H$60>=$F68,$E68*INDEX($F$13:$Z$13,MATCH(H$60-$F68,$F$12:$Z$12,0)),0) -> 0 | I68: =IF(I$60>=$F68,$E68*INDEX($F$13:$Z$13,MATCH(I$60-$F68,$F$12:$Z$12,0)),0) -> 0 | J68: =IF(J$60>=$F68,$E68*INDEX($F$13:$Z$13,MATCH(J$60-$F68,$F$12:$Z$12,0)),0) -> 0 | K68: =IF(K$60>=$F68,$E68*INDEX($F$13:$Z$13,MATCH(K$60-$F68,$F$12:$Z$12,0)),0) -> 0 | L68: =IF(L$60>=$F68,$E68*INDEX($F$13:$Z$13,MATCH(L$60-$F68,$F$12:$Z$12,0)),0) -> 0 | M68: =IF(M$60>=$F68,$E68*INDEX($F$13:$Z$13,MATCH(M$60-$F68,$F$12:$Z$12,0)),0) -> 0 | N68: =IF(N$60>=$F68,$E68*INDEX($F$13:$Z$13,MATCH(N$60-$F68,$F$12:$Z$12,0)),0) -> 0 | ... AA68: =IF(AA$60>=$F68,$E68*INDEX($F$13:$Z$13,MATCH(AA$60-$F68,$F$12:$Z$12,0)),0) -> 2.8034013 | AD68: 800 | AE68: 2150 | AF68: =IF(G$60>=$F68,$AD68-SUM($G68:G68),0) -> 0 | AG68: =IF(H$60>=$F68,$AD68-SUM($G68:H68),0) -> 0 | AH68: =IF(I$60>=$F68,$AD68-SUM($G68:I68),0) -> 0 | AI68: =IF(J$60>=$F68,$AD68-SUM($G68:J68),0) -> 0 | AJ68: =IF(K$60>=$F68,$AD68-SUM($G68:K68),0) -> 0 | AK68: =IF(L$60>=$F68,$AD68-SUM($G68:L68),0) -> 0 | AL68: =IF(M$60>=$F68,$AD68-SUM($G68:M68),0) -> 0 | AM68: =IF(N$60>=$F68,$AD68-SUM($G68:N68),0) -> 800 | ... AZ68: =IF(AA$60>=$F68,$AD68-SUM($G68:AA68),0) -> 0.65279027
E69: 900 | F69: 2160 | G69: =IF(G$60>=$F69,$E69*INDEX($F$13:$Z$13,MATCH(G$60-$F69,$F$12:$Z$12,0)),0) -> 0 | H69: =IF(H$60>=$F69,$E69*INDEX($F$13:$Z$13,MATCH(H$60-$F69,$F$12:$Z$12,0)),0) -> 0 | I69: =IF(I$60>=$F69,$E69*INDEX($F$13:$Z$13,MATCH(I$60-$F69,$F$12:$Z$12,0)),0) -> 0 | J69: =IF(J$60>=$F69,$E69*INDEX($F$13:$Z$13,MATCH(J$60-$F69,$F$12:$Z$12,0)),0) -> 0 | K69: =IF(K$60>=$F69,$E69*INDEX($F$13:$Z$13,MATCH(K$60-$F69,$F$12:$Z$12,0)),0) -> 0 | L69: =IF(L$60>=$F69,$E69*INDEX($F$13:$Z$13,MATCH(L$60-$F69,$F$12:$Z$12,0)),0) -> 0 | M69: =IF(M$60>=$F69,$E69*INDEX($F$13:$Z$13,MATCH(M$60-$F69,$F$12:$Z$12,0)),0) -> 0 | N69: =IF(N$60>=$F69,$E69*INDEX($F$13:$Z$13,MATCH(N$60-$F69,$F$12:$Z$12,0)),0) -> 0 | ... AA69: =IF(AA$60>=$F69,$E69*INDEX($F$13:$Z$13,MATCH(AA$60-$F69,$F$12:$Z$12,0)),0) -> 12.595859 | AD69: 900 | AE69: 2160 | AF69: =IF(G$60>=$F69,$AD69-SUM($G69:G69),0) -> 0 | AG69: =IF(H$60>=$F69,$AD69-SUM($G69:H69),0) -> 0 | AH69: =IF(I$60>=$F69,$AD69-SUM($G69:I69),0) -> 0 | AI69: =IF(J$60>=$F69,$AD69-SUM($G69:J69),0) -> 0 | AJ69: =IF(K$60>=$F69,$AD69-SUM($G69:K69),0) -> 0 | AK69: =IF(L$60>=$F69,$AD69-SUM($G69:L69),0) -> 0 | AL69: =IF(M$60>=$F69,$AD69-SUM($G69:M69),0) -> 0 | AM69: =IF(N$60>=$F69,$AD69-SUM($G69:N69),0) -> 0 | ... AZ69: =IF(AA$60>=$F69,$AD69-SUM($G69:AA69),0) -> 3.8882155
E70: 1000 | F70: 2170 | G70: =IF(G$60>=$F70,$E70*INDEX($F$13:$Z$13,MATCH(G$60-$F70,$F$12:$Z$12,0)),0) -> 0 | H70: =IF(H$60>=$F70,$E70*INDEX($F$13:$Z$13,MATCH(H$60-$F70,$F$12:$Z$12,0)),0) -> 0 | I70: =IF(I$60>=$F70,$E70*INDEX($F$13:$Z$13,MATCH(I$60-$F70,$F$12:$Z$12,0)),0) -> 0 | J70: =IF(J$60>=$F70,$E70*INDEX($F$13:$Z$13,MATCH(J$60-$F70,$F$12:$Z$12,0)),0) -> 0 | K70: =IF(K$60>=$F70,$E70*INDEX($F$13:$Z$13,MATCH(K$60-$F70,$F$12:$Z$12,0)),0) -> 0 | L70: =IF(L$60>=$F70,$E70*INDEX($F$13:$Z$13,MATCH(L$60-$F70,$F$12:$Z$12,0)),0) -> 0 | M70: =IF(M$60>=$F70,$E70*INDEX($F$13:$Z$13,MATCH(M$60-$F70,$F$12:$Z$12,0)),0) -> 0 | N70: =IF(N$60>=$F70,$E70*INDEX($F$13:$Z$13,MATCH(N$60-$F70,$F$12:$Z$12,0)),0) -> 0 | ... AA70: =IF(AA$60>=$F70,$E70*INDEX($F$13:$Z$13,MATCH(AA$60-$F70,$F$12:$Z$12,0)),0) -> 43.860885 | AD70: 1000 | AE70: 2170 | AF70: =IF(G$60>=$F70,$AD70-SUM($G70:G70),0) -> 0 | AG70: =IF(H$60>=$F70,$AD70-SUM($G70:H70),0) -> 0 | AH70: =IF(I$60>=$F70,$AD70-SUM($G70:I70),0) -> 0 | AI70: =IF(J$60>=$F70,$AD70-SUM($G70:J70),0) -> 0 | AJ70: =IF(K$60>=$F70,$AD70-SUM($G70:K70),0) -> 0 | AK70: =IF(L$60>=$F70,$AD70-SUM($G70:L70),0) -> 0 | AL70: =IF(M$60>=$F70,$AD70-SUM($G70:M70),0) -> 0 | AM70: =IF(N$60>=$F70,$AD70-SUM($G70:N70),0) -> 0 | ... AZ70: =IF(AA$60>=$F70,$AD70-SUM($G70:AA70),0) -> 18.315639
E71: 1100 | F71: 2180 | G71: =IF(G$60>=$F71,$E71*INDEX($F$13:$Z$13,MATCH(G$60-$F71,$F$12:$Z$12,0)),0) -> 0 | H71: =IF(H$60>=$F71,$E71*INDEX($F$13:$Z$13,MATCH(H$60-$F71,$F$12:$Z$12,0)),0) -> 0 | I71: =IF(I$60>=$F71,$E71*INDEX($F$13:$Z$13,MATCH(I$60-$F71,$F$12:$Z$12,0)),0) -> 0 | J71: =IF(J$60>=$F71,$E71*INDEX($F$13:$Z$13,MATCH(J$60-$F71,$F$12:$Z$12,0)),0) -> 0 | K71: =IF(K$60>=$F71,$E71*INDEX($F$13:$Z$13,MATCH(K$60-$F71,$F$12:$Z$12,0)),0) -> 0 | L71: =IF(L$60>=$F71,$E71*INDEX($F$13:$Z$13,MATCH(L$60-$F71,$F$12:$Z$12,0)),0) -> 0 | M71: =IF(M$60>=$F71,$E71*INDEX($F$13:$Z$13,MATCH(M$60-$F71,$F$12:$Z$12,0)),0) -> 0 | N71: =IF(N$60>=$F71,$E71*INDEX($F$13:$Z$13,MATCH(N$60-$F71,$F$12:$Z$12,0)),0) -> 0 | ... AA71: =IF(AA$60>=$F71,$E71*INDEX($F$13:$Z$13,MATCH(AA$60-$F71,$F$12:$Z$12,0)),0) -> 117.52047 | AD71: 1100 | AE71: 2180 | AF71: =IF(G$60>=$F71,$AD71-SUM($G71:G71),0) -> 0 | AG71: =IF(H$60>=$F71,$AD71-SUM($G71:H71),0) -> 0 | AH71: =IF(I$60>=$F71,$AD71-SUM($G71:I71),0) -> 0 | AI71: =IF(J$60>=$F71,$AD71-SUM($G71:J71),0) -> 0 | AJ71: =IF(K$60>=$F71,$AD71-SUM($G71:K71),0) -> 0 | AK71: =IF(L$60>=$F71,$AD71-SUM($G71:L71),0) -> 0 | AL71: =IF(M$60>=$F71,$AD71-SUM($G71:M71),0) -> 0 | AM71: =IF(N$60>=$F71,$AD71-SUM($G71:N71),0) -> 0 | ... AZ71: =IF(AA$60>=$F71,$AD71-SUM($G71:AA71),0) -> 68.394176
E72: 1200 | F72: 2190 | G72: =IF(G$60>=$F72,$E72*INDEX($F$13:$Z$13,MATCH(G$60-$F72,$F$12:$Z$12,0)),0) -> 0 | H72: =IF(H$60>=$F72,$E72*INDEX($F$13:$Z$13,MATCH(H$60-$F72,$F$12:$Z$12,0)),0) -> 0 | I72: =IF(I$60>=$F72,$E72*INDEX($F$13:$Z$13,MATCH(I$60-$F72,$F$12:$Z$12,0)),0) -> 0 | J72: =IF(J$60>=$F72,$E72*INDEX($F$13:$Z$13,MATCH(J$60-$F72,$F$12:$Z$12,0)),0) -> 0 | K72: =IF(K$60>=$F72,$E72*INDEX($F$13:$Z$13,MATCH(K$60-$F72,$F$12:$Z$12,0)),0) -> 0 | L72: =IF(L$60>=$F72,$E72*INDEX($F$13:$Z$13,MATCH(L$60-$F72,$F$12:$Z$12,0)),0) -> 0 | M72: =IF(M$60>=$F72,$E72*INDEX($F$13:$Z$13,MATCH(M$60-$F72,$F$12:$Z$12,0)),0) -> 0 | N72: =IF(N$60>=$F72,$E72*INDEX($F$13:$Z$13,MATCH(N$60-$F72,$F$12:$Z$12,0)),0) -> 0 | ... AA72: =IF(AA$60>=$F72,$E72*INDEX($F$13:$Z$13,MATCH(AA$60-$F72,$F$12:$Z$12,0)),0) -> 238.63935 | AD72: 1200 | AE72: 2190 | AF72: =IF(G$60>=$F72,$AD72-SUM($G72:G72),0) -> 0 | AG72: =IF(H$60>=$F72,$AD72-SUM($G72:H72),0) -> 0 | AH72: =IF(I$60>=$F72,$AD72-SUM($G72:I72),0) -> 0 | AI72: =IF(J$60>=$F72,$AD72-SUM($G72:J72),0) -> 0 | AJ72: =IF(K$60>=$F72,$AD72-SUM($G72:K72),0) -> 0 | AK72: =IF(L$60>=$F72,$AD72-SUM($G72:L72),0) -> 0 | AL72: =IF(M$60>=$F72,$AD72-SUM($G72:M72),0) -> 0 | AM72: =IF(N$60>=$F72,$AD72-SUM($G72:N72),0) -> 0 | ... AZ72: =IF(AA$60>=$F72,$AD72-SUM($G72:AA72),0) -> 202.81598
E73: 1300 | F73: 2200 | G73: =IF(G$60>=$F73,$E73*INDEX($F$13:$Z$13,MATCH(G$60-$F73,$F$12:$Z$12,0)),0) -> 0 | H73: =IF(H$60>=$F73,$E73*INDEX($F$13:$Z$13,MATCH(H$60-$F73,$F$12:$Z$12,0)),0) -> 0 | I73: =IF(I$60>=$F73,$E73*INDEX($F$13:$Z$13,MATCH(I$60-$F73,$F$12:$Z$12,0)),0) -> 0 | J73: =IF(J$60>=$F73,$E73*INDEX($F$13:$Z$13,MATCH(J$60-$F73,$F$12:$Z$12,0)),0) -> 0 | K73: =IF(K$60>=$F73,$E73*INDEX($F$13:$Z$13,MATCH(K$60-$F73,$F$12:$Z$12,0)),0) -> 0 | L73: =IF(L$60>=$F73,$E73*INDEX($F$13:$Z$13,MATCH(L$60-$F73,$F$12:$Z$12,0)),0) -> 0 | M73: =IF(M$60>=$F73,$E73*INDEX($F$13:$Z$13,MATCH(M$60-$F73,$F$12:$Z$12,0)),0) -> 0 | N73: =IF(N$60>=$F73,$E73*INDEX($F$13:$Z$13,MATCH(N$60-$F73,$F$12:$Z$12,0)),0) -> 0 | ... AA73: =IF(AA$60>=$F73,$E73*INDEX($F$13:$Z$13,MATCH(AA$60-$F73,$F$12:$Z$12,0)),0) -> 355.29123 | AD73: 1300 | AE73: 2200 | AF73: =IF(G$60>=$F73,$AD73-SUM($G73:G73),0) -> 0 | AG73: =IF(H$60>=$F73,$AD73-SUM($G73:H73),0) -> 0 | AH73: =IF(I$60>=$F73,$AD73-SUM($G73:I73),0) -> 0 | AI73: =IF(J$60>=$F73,$AD73-SUM($G73:J73),0) -> 0 | AJ73: =IF(K$60>=$F73,$AD73-SUM($G73:K73),0) -> 0 | AK73: =IF(L$60>=$F73,$AD73-SUM($G73:L73),0) -> 0 | AL73: =IF(M$60>=$F73,$AD73-SUM($G73:M73),0) -> 0 | AM73: =IF(N$60>=$F73,$AD73-SUM($G73:N73),0) -> 0 | ... AZ73: =IF(AA$60>=$F73,$AD73-SUM($G73:AA73),0) -> 478.24327
... E81: 2100 | F81: 2280 | G81: =IF(G$60>=$F81,$E81*INDEX($F$13:$Z$13,MATCH(G$60-$F81,$F$12:$Z$12,0)),0) -> 0 | H81: =IF(H$60>=$F81,$E81*INDEX($F$13:$Z$13,MATCH(H$60-$F81,$F$12:$Z$12,0)),0) -> 0 | I81: =IF(I$60>=$F81,$E81*INDEX($F$13:$Z$13,MATCH(I$60-$F81,$F$12:$Z$12,0)),0) -> 0 | J81: =IF(J$60>=$F81,$E81*INDEX($F$13:$Z$13,MATCH(J$60-$F81,$F$12:$Z$12,0)),0) -> 0 | K81: =IF(K$60>=$F81,$E81*INDEX($F$13:$Z$13,MATCH(K$60-$F81,$F$12:$Z$12,0)),0) -> 0 | L81: =IF(L$60>=$F81,$E81*INDEX($F$13:$Z$13,MATCH(L$60-$F81,$F$12:$Z$12,0)),0) -> 0 | M81: =IF(M$60>=$F81,$E81*INDEX($F$13:$Z$13,MATCH(M$60-$F81,$F$12:$Z$12,0)),0) -> 0 | N81: =IF(N$60>=$F81,$E81*INDEX($F$13:$Z$13,MATCH(N$60-$F81,$F$12:$Z$12,0)),0) -> 0 | ... AA81: =IF(AA$60>=$F81,$E81*INDEX($F$13:$Z$13,MATCH(AA$60-$F81,$F$12:$Z$12,0)),0) -> 0 | AD81: 2100 | AE81: 2280 | AF81: =IF(G$60>=$F81,$AD81-SUM($G81:G81),0) -> 0 | AG81: =IF(H$60>=$F81,$AD81-SUM($G81:H81),0) -> 0 | AH81: =IF(I$60>=$F81,$AD81-SUM($G81:I81),0) -> 0 | AI81: =IF(J$60>=$F81,$AD81-SUM($G81:J81),0) -> 0 | AJ81: =IF(K$60>=$F81,$AD81-SUM($G81:K81),0) -> 0 | AK81: =IF(L$60>=$F81,$AD81-SUM($G81:L81),0) -> 0 | AL81: =IF(M$60>=$F81,$AD81-SUM($G81:M81),0) -> 0 | AM81: =IF(N$60>=$F81,$AD81-SUM($G81:N81),0) -> 0 | ... AZ81: =IF(AA$60>=$F81,$AD81-SUM($G81:AA81),0) -> 2100
E82: =SUM(E60:E81) -> 23100 | F82: TOTAL | G82: =SUM(G61:G81) -> 0 | H82: =SUM(H61:H81) -> 0 | I82: =SUM(I61:I81) -> 0 | J82: =SUM(J61:J81) -> 0 | K82: =SUM(K61:K81) -> 0 | L82: =SUM(L61:L81) -> 0 | M82: =SUM(M61:M81) -> 10.516068 | N82: =SUM(N61:N81) -> 46.398029 | ... AA82: =SUM(AA61:AA81) -> 1283.5747 | AD82: =SUM(AD60:AD81) -> 23100 | AE82: TOTAL | AF82: =SUM(AF61:AF81) -> 100 | AG82: =SUM(AG61:AG81) -> 300 | AH82: =SUM(AH61:AH81) -> 600 | AI82: =SUM(AI61:AI81) -> 1000 | AJ82: =SUM(AJ61:AJ81) -> 1500 | AK82: =SUM(AK61:AK81) -> 2100 | AL82: =SUM(AL61:AL81) -> 2789.4839 | AM82: =SUM(AM61:AM81) -> 3543.0859 | ... AZ82: =SUM(AZ61:AZ81) -> 14114.506

Sheet Lifespan
B5: Weibull Parameters | E5: Candy Town Lifespan Distribution
B6: shift | C6: 10 | E6: Lifespan | F6: 0 | G6: 10 | H6: 20 | I6: 30 | J6: 40 | K6: 50 | L6: 60 | M6: 70 | N6: 80 | O6: 90 | P6: 100 | Q6: 110 | R6: 120 | S6: 130 | T6: 140 | U6: 150 | V6: 160 | W6: 170 | X6: 180 | Y6: 190 | Z6: 200
B7: shape | C7: 2 | E7: Cumulative Distribution | F7: =IF(F$6<shift_orig,0,_xlfn.WEIBULL.DIST(F$6-shift_orig,shape_orig,scale_orig,TRUE)) -> 0 | G7: =IF(G$6<shift_orig,0,_xlfn.WEIBULL.DIST(G$6-shift_orig,shape_orig,scale_orig,TRUE)) -> 0 | H7: =IF(H$6<shift_orig,0,_xlfn.WEIBULL.DIST(H$6-shift_orig,shape_orig,scale_orig,TRUE)) -> 0.10516068 | I7: =IF(I$6<shift_orig,0,_xlfn.WEIBULL.DIST(I$6-shift_orig,shape_orig,scale_orig,TRUE)) -> 0.35881961 | J7: =IF(J$6<shift_orig,0,_xlfn.WEIBULL.DIST(J$6-shift_orig,shape_orig,scale_orig,TRUE)) -> 0.63212056 | K7: =IF(K$6<shift_orig,0,_xlfn.WEIBULL.DIST(K$6-shift_orig,shape_orig,scale_orig,TRUE)) -> 0.83098668 | L7: =IF(L$6<shift_orig,0,_xlfn.WEIBULL.DIST(L$6-shift_orig,shape_orig,scale_orig,TRUE)) -> 0.93782348 | M7: =IF(M$6<shift_orig,0,_xlfn.WEIBULL.DIST(M$6-shift_orig,shape_orig,scale_orig,TRUE)) -> 0.98168436 | ... Z7: =IF(Z$6<shift_orig,0,_xlfn.WEIBULL.DIST(Z$6-shift_orig,shape_orig,scale_orig,TRUE)) -> 1
B8: scale | C8: 30 | E8: Discrete Probability | F8: 0 | G8: =G7-F7 -> 0 | H8: =H7-G7 -> 0.10516068 | I8: =I7-H7 -> 0.25365893 | J8: =J7-I7 -> 0.27330095 | K8: =K7-J7 -> 0.19886613 | L8: =L7-K7 -> 0.10683679 | M8: =M7-L7 -> 0.043860885 | N8: =N7-M7 -> 0.013995399 | ... Z8: =Z7-Y7 -> 0
E9: Count | F9: =COUNTIF('Home Tracker Input Sheet'!$P$6:$P$15,Lifespan!F6) -> 0 | G9: =COUNTIF('Home Tracker Input Sheet'!$P$6:$P$15,Lifespan!G6) -> 0 | H9: =COUNTIF('Home Tracker Input Sheet'!$P$6:$P$15,Lifespan!H6) -> 0 | I9: =COUNTIF('Home Tracker Input Sheet'!$P$6:$P$15,Lifespan!I6) -> 0 | J9: =COUNTIF('Home Tracker Input Sheet'!$P$6:$P$15,Lifespan!J6) -> 0 | K9: =COUNTIF('Home Tracker Input Sheet'!$P$6:$P$15,Lifespan!K6) -> 0 | L9: =COUNTIF('Home Tracker Input Sheet'!$P$6:$P$15,Lifespan!L6) -> 1 | M9: =COUNTIF('Home Tracker Input Sheet'!$P$6:$P$15,Lifespan!M6) -> 0 | ... Z9: =COUNTIF('Home Tracker Input Sheet'!$P$6:$P$15,Lifespan!Z6) -> 0
E10: Percent of Count | F10: =IFERROR(F9/SUM($F$9:$Z$9), "Home Tracker Input Sheet data needed") -> 0 | G10: =IFERROR(G9/SUM($F$9:$Z$9), "Home Tracker Input Sheet data needed") -> 0 | H10: =IFERROR(H9/SUM($F$9:$Z$9), "Home Tracker Input Sheet data needed") -> 0 | I10: =IFERROR(I9/SUM($F$9:$Z$9), "Home Tracker Input Sheet data needed") -> 0 | J10: =IFERROR(J9/SUM($F$9:$Z$9), "Home Tracker Input Sheet data needed") -> 0 | K10: =IFERROR(K9/SUM($F$9:$Z$9), "Home Tracker Input Sheet data needed") -> 0 | L10: =IFERROR(L9/SUM($F$9:$Z$9), "Home Tracker Input Sheet data needed") -> 1 | M10: =IFERROR(M9/SUM($F$9:$Z$9), "Home Tracker Input Sheet data needed") -> 0 | ... Z10: =IFERROR(Z9/SUM($F$9:$Z$9), "Home Tracker Input Sheet data needed") -> 0
